PatientID,Name,SSN,PhoneNumber,Email,InsuranceID,Gender,DateOfBirth,Age,Diagnosis,TreatmentPlan,Medications,LabResults,Allergies,LastVisitDate,DoctorAssigned,Notes,DataDeletionRequested
1,Rebecca Ryan,378-82-3775,408-756-0461x90713,teresa88@example.com,kuj-7090279,Female,2010-07-21,33,Hypertension,Subject happy husband of.,"Levothyroxine, Atorvastatin","{""WBC"": 10102.6, ""Hgb"": 12.4, ""Platelets"": 157.7, ""Glucose"": 107.8}",Latex,2025-07-01,David Lewis,And education voice positive language business.,True
2,David Johnson,547-47-9243,(636)303-4392x9735,jasonmunoz@example.org,ncT-6132612,Other,1993-04-01,80,Diabetes,Skill whom science particular become staff.,Levothyroxine,"{""WBC"": 5429.3, ""Hgb"": 12.9, ""Platelets"": 305.1, ""Glucose"": 119.6}",Penicillin,2025-07-06,William Solis,So I modern finally answer until job century.,True
3,David Boyd,184-36-7318,(964)999-1993x485,robert63@example.org,uzS-8916265,Other,1954-09-27,3,Asthma,Six common customer visit analysis agree recently career.,Atorvastatin,"{""WBC"": 6855.8, ""Hgb"": 16.5, ""Platelets"": 223.3, ""Glucose"": 128.5}",None,2025-09-07,Ana Mcmahon,Car many night throughout contain unit.,True
4,Cristian Pierce,184-20-6308,(488)715-9331,qmorales@example.org,RBW-9134588,Other,1930-03-11,26,Asthma,Space boy goal bill price resource win.,Lisinopril,"{""WBC"": 10411.6, ""Hgb"": 13.8, ""Platelets"": 332.6, ""Glucose"": 128.4}",Penicillin,2025-09-16,Kenneth Steele,Pm table member wear to your cause unit certainly stay according yes southern.,True
5,Kerry Simpson,825-75-5864,+1-824-811-7601x4661,rogersthomas@example.org,HvV-1479829,Other,1930-09-04,91,Arthritis,Me sea performance.,"Hydrochlorothiazide, Levothyroxine","{""WBC"": 6326.4, ""Hgb"": 17.0, ""Platelets"": 260.7, ""Glucose"": 126.0}",Pollen,2025-08-04,Ronald Johnson,Reflect exactly plant yard happen east month quite.,True
6,Melanie Jones,179-26-6426,(743)798-9538,wendymann@example.net,qDR-5212381,Other,1989-08-01,95,Depression,Money member number way soldier skill.,"Levothyroxine, Lisinopril","{""WBC"": 5610.7, ""Hgb"": 15.9, ""Platelets"": 155.6, ""Glucose"": 105.9}",Shellfish,2025-04-16,Jennifer Powers,She remember story however wonder tough one.,False
7,Grace Walters,745-17-3166,402-448-4474x1984,gharrison@example.com,MBJ-0156449,Male,1971-11-03,35,Arthritis,While available provide talk.,Atorvastatin,"{""WBC"": 8776.3, ""Hgb"": 13.4, ""Platelets"": 175.2, ""Glucose"": 118.8}",Penicillin,2025-08-10,Heidi Summers,Including case anything allow turn man ever but because prove partner whole political.,True
8,Pamela Hopkins,246-61-1846,001-783-383-8879,nguyendawn@example.org,tlL-7145348,Other,1995-03-29,6,Diabetes,Take memory center strategy often hospital young.,"Atorvastatin, Hydrochlorothiazide","{""WBC"": 10556.3, ""Hgb"": 14.5, ""Platelets"": 215.6, ""Glucose"": 137.6}",Peanuts,2025-05-06,Crystal Lopez,Lawyer site charge great thank how face.,False
9,Elizabeth Gomez,388-46-5877,+1-443-515-5499,matthew36@example.com,BSA-0779398,Male,1988-02-12,67,Depression,Style evidence society plan to political.,"Levothyroxine, Amlodipine","{""WBC"": 10206.7, ""Hgb"": 15.4, ""Platelets"": 290.4, ""Glucose"": 105.4}",Penicillin,2025-10-08,Jennifer Moran,Assume movie whole south place ago soldier individual child car thought arm inside.,False
10,Eric Castillo,415-93-7331,(673)577-8134,davidsonjohn@example.net,cEv-1255653,Male,1964-07-14,6,Diabetes,Common start huge develop kid.,"Lisinopril, Metformin, Albuterol","{""WBC"": 10848.9, ""Hgb"": 14.1, ""Platelets"": 360.8, ""Glucose"": 92.6}",Peanuts,2025-08-05,Michael Baldwin,Figure seven own everything exist data.,False
11,Mr. Kenneth Ryan,500-55-4646,9052144333,brad63@example.net,KRQ-1785542,Female,2002-02-03,56,Arthritis,Power door young media near may help.,"Gabapentin, Metformin","{""WBC"": 9521.6, ""Hgb"": 17.3, ""Platelets"": 364.9, ""Glucose"": 108.2}",Pollen,2025-06-07,Alicia Gonzalez,Focus newspaper pretty card rise rise wide.,False
12,Katherine Brown,730-87-8559,444-441-9422x2889,danielmoyer@example.org,tUq-9068619,Other,1943-07-13,93,Migraine,Chance forget full town different.,"Albuterol, Omeprazole, Simvastatin","{""WBC"": 7935.2, ""Hgb"": 17.5, ""Platelets"": 259.0, ""Glucose"": 117.3}",Peanuts,2025-08-03,Michael Oconnell,Difficult hot conference total learn this note when threat century time real a.,False
13,Angela Hernandez,636-91-1019,(200)719-9311,ilynn@example.net,YHz-1519898,Female,1963-12-02,23,Anxiety,Research number then like and economy another themselves.,"Gabapentin, Albuterol","{""WBC"": 6918.3, ""Hgb"": 13.5, ""Platelets"": 180.2, ""Glucose"": 108.8}",Penicillin,2025-07-11,Craig Nguyen,Reason player wrong money tough yes return him reach then across continue wait.,True
14,Kyle Mendez,492-37-2100,547.985.9382x9992,matthewlee@example.com,RTk-8526203,Female,1956-04-11,59,Arthritis,Decide produce sister bill wife speak.,"Atorvastatin, Metformin","{""WBC"": 10394.7, ""Hgb"": 15.2, ""Platelets"": 342.3, ""Glucose"": 87.2}",Peanuts,2025-05-31,Lori Garcia,Final still place director audience western.,False
15,Rebecca Hill,384-64-8335,948.311.6857,christopher45@example.net,rcc-9329703,Female,1957-05-04,96,Hypertension,Art wind clearly month skin fine.,"Simvastatin, Gabapentin, Metformin","{""WBC"": 6101.9, ""Hgb"": 15.3, ""Platelets"": 154.9, ""Glucose"": 123.6}",Pollen,2025-08-02,Bobby Johnson,Artist rich establish usually those source health.,True
16,Gregory Velasquez,636-36-0455,7092358010,qjones@example.net,ECz-3383372,Female,1936-11-28,33,Asthma,Probably middle instead many travel their.,"Atorvastatin, Gabapentin","{""WBC"": 8376.6, ""Hgb"": 16.6, ""Platelets"": 329.5, ""Glucose"": 120.0}",Penicillin,2025-05-23,David Hanna,Road interview her use agree amount bill.,True
17,Allison Daniel,067-43-0665,001-902-891-8815x40197,kaitlynrodriguez@example.org,rjz-4588041,Female,1970-09-25,7,COPD,Do center claim.,Lisinopril,"{""WBC"": 5589.5, ""Hgb"": 17.3, ""Platelets"": 294.3, ""Glucose"": 136.4}",Peanuts,2025-08-03,Jennifer Alvarado,Article easy door enjoy bar air focus response yard game measure.,True
18,Jason Ortiz,805-66-6767,229.672.1545x879,thomas17@example.net,spU-7337552,Female,1938-09-17,11,Obesity,Mean institution city account.,"Omeprazole, Hydrochlorothiazide","{""WBC"": 5761.8, ""Hgb"": 12.8, ""Platelets"": 201.7, ""Glucose"": 86.6}",Pollen,2025-10-17,Jennifer Barnes,Interesting goal glass opportunity woman can apply single sense.,False
19,Samantha Thompson,618-42-3188,941.494.0468,christinedoyle@example.com,aNX-9465611,Male,1976-06-08,32,Hypertension,Claim entire rise than thus.,Simvastatin,"{""WBC"": 9157.9, ""Hgb"": 14.0, ""Platelets"": 160.0, ""Glucose"": 73.0}",Peanuts,2026-01-10,Brandon Patel,Forward remember cell role record success join record painting forget.,False
20,Matthew Werner,108-15-0136,(694)209-9234,mckinneymatthew@example.net,tGB-1150935,Female,1996-11-08,87,Asthma,Water true yeah attorney reduce lawyer exist.,"Gabapentin, Hydrochlorothiazide","{""WBC"": 6799.3, ""Hgb"": 12.7, ""Platelets"": 243.6, ""Glucose"": 79.1}",None,2025-09-14,Andrew Lopez,Seven while painting picture adult bill during dark owner dream.,False
21,Susan Johnson,799-28-4011,(502)420-7492,fischertimothy@example.org,DSB-1384423,Other,2024-05-04,45,Hypothyroidism,Back pressure certain hand.,"Albuterol, Levothyroxine","{""WBC"": 9808.1, ""Hgb"": 14.9, ""Platelets"": 186.5, ""Glucose"": 85.9}",Penicillin,2025-11-08,Susan Larsen,By goal politics necessary before decade official kid either herself mean.,False
22,Jeffrey Anderson,704-15-6313,001-813-542-2668x01162,walkersteven@example.com,poL-4528482,Female,1935-08-14,63,Diabetes,Service result institution deep make century number.,"Atorvastatin, Simvastatin","{""WBC"": 9870.7, ""Hgb"": 17.5, ""Platelets"": 334.9, ""Glucose"": 70.4}",Penicillin,2025-10-25,Connie Lopez,Food employee wrong certainly tell father fly next matter.,True
23,William Powell,335-60-1622,001-558-702-4639,brianwilson@example.com,flo-0335069,Female,1957-04-01,98,Arthritis,Agreement hot wear article agreement ground up.,"Atorvastatin, Amlodipine, Metformin","{""WBC"": 8973.8, ""Hgb"": 17.1, ""Platelets"": 319.8, ""Glucose"": 97.2}",Pollen,2025-05-19,Terry Underwood,Push show response window discussion soldier.,True
24,Anthony Johnson,504-65-4617,489.787.9297x229,gabriel45@example.net,zmF-1414641,Other,2015-09-03,5,Diabetes,Discussion plan can later wide son table shake.,"Amlodipine, Metformin","{""WBC"": 5117.2, ""Hgb"": 16.3, ""Platelets"": 250.2, ""Glucose"": 124.1}",Penicillin,2026-01-25,Jesus Smith,My her safe store area usually billion wrong network news.,False
25,Steve Pacheco,874-69-0856,+1-575-360-0712x3921,lunatracy@example.org,xAR-2625689,Other,1989-10-10,100,Arthritis,Crime blue I by.,"Metformin, Atorvastatin, Omeprazole","{""WBC"": 5259.9, ""Hgb"": 15.5, ""Platelets"": 283.2, ""Glucose"": 124.4}",Pollen,2025-10-16,Anthony Baker,Security listen prove possible white idea care yeah budget light choose sound.,False
26,Michael Moore,099-09-4359,+1-425-597-0201,barkerrobert@example.com,gPe-9569977,Other,1955-03-16,86,Hypothyroidism,General face play popular full marriage week.,"Metformin, Lisinopril, Omeprazole","{""WBC"": 9724.7, ""Hgb"": 13.9, ""Platelets"": 365.3, ""Glucose"": 83.4}",None,2026-01-02,Jeremy Moran,Southern voice exist dinner mention hard agent purpose everything ok entire first response.,False
27,Keith Dean,568-45-7143,+1-562-870-8728x01898,justin39@example.org,mUn-4109580,Male,1984-02-06,46,Hypothyroidism,Base stay car executive red.,Omeprazole,"{""WBC"": 10330.8, ""Hgb"": 14.1, ""Platelets"": 377.5, ""Glucose"": 122.1}",Penicillin,2025-07-11,Henry Morgan,Heart computer career evidence measure who when smile and maintain star rich wish.,False
28,Susan Lewis,813-72-7938,+1-846-984-5030x64832,stephanie99@example.org,GvQ-1292109,Female,1955-03-20,100,Obesity,Note image design adult your especially stuff.,"Metformin, Atorvastatin, Gabapentin","{""WBC"": 6660.2, ""Hgb"": 15.3, ""Platelets"": 327.4, ""Glucose"": 85.1}",Peanuts,2025-05-15,Diane Sullivan,Economic may team middle bag would heavy appear join bad maintain.,False
29,Matthew Franklin,463-63-1329,001-369-745-1257x5504,joshua41@example.net,bOg-1852950,Female,1944-02-29,52,COPD,Natural should write.,Hydrochlorothiazide,"{""WBC"": 9745.1, ""Hgb"": 12.9, ""Platelets"": 273.1, ""Glucose"": 136.4}",Pollen,2025-10-20,Sharon Ortiz,Anyone career happen arm operation might.,True
30,Christina Rowland,517-55-3584,217-491-9288,markford@example.org,xmh-5772566,Male,1985-10-07,28,Hypertension,Key capital fall treat when any pay.,Gabapentin,"{""WBC"": 5073.0, ""Hgb"": 15.9, ""Platelets"": 283.7, ""Glucose"": 93.3}",Pollen,2025-10-01,Gina Reed,Worry money water board though charge happen.,True
31,Michael Hopkins,285-39-3849,+1-239-936-3314x9669,carloshughes@example.com,lsH-2718574,Male,1975-10-14,15,Diabetes,Ago major treatment after likely still view.,"Metformin, Albuterol","{""WBC"": 9037.7, ""Hgb"": 16.7, ""Platelets"": 255.0, ""Glucose"": 97.6}",Penicillin,2025-08-03,Regina Terry,Pattern sound western major just relate himself none.,False
32,Christina Calhoun,061-67-3162,001-679-387-5404x067,mckaybrandi@example.org,uXI-1585107,Male,2003-12-25,6,Hypertension,Account western how security responsibility.,"Lisinopril, Atorvastatin, Albuterol","{""WBC"": 4450.8, ""Hgb"": 16.8, ""Platelets"": 296.4, ""Glucose"": 109.8}",Latex,2026-03-01,Michael Robinson,Provide summer item paper dinner identify common.,False
33,Billy White,644-02-9206,(573)332-4295,joshua29@example.com,SUx-2549273,Male,1925-10-25,16,Hypertension,Goal site common fly.,Levothyroxine,"{""WBC"": 7188.6, ""Hgb"": 12.6, ""Platelets"": 393.0, ""Glucose"": 93.3}",Shellfish,2025-10-04,Cynthia Nelson MD,Guess call economic ok phone pull worry.,False
34,Brandy Ruiz,679-96-6880,977-861-6921x449,stephenhudson@example.net,BmH-3784733,Female,1931-09-28,92,COPD,Nature manage mean scientist.,Albuterol,"{""WBC"": 6197.5, ""Hgb"": 16.2, ""Platelets"": 236.3, ""Glucose"": 86.5}",None,2026-01-11,Jessica Adams,Age fact increase star suffer ago candidate including hundred art push bed program.,False
35,James Miller,591-01-3933,3026790950,nathan67@example.com,koP-9641685,Male,1992-05-28,45,Anxiety,Pick democratic democratic enter PM number.,"Amlodipine, Lisinopril","{""WBC"": 4033.1, ""Hgb"": 15.6, ""Platelets"": 293.9, ""Glucose"": 119.0}",Shellfish,2025-12-08,Shawn Jones,Yourself whole modern director know not woman.,False
36,Austin Barron,480-28-3571,+1-905-431-4198x1118,lowephillip@example.com,iRp-8761442,Male,1938-05-19,15,Anxiety,Pay leave forward side positive Mr everyone.,Metformin,"{""WBC"": 9799.8, ""Hgb"": 17.0, ""Platelets"": 232.2, ""Glucose"": 70.1}",Peanuts,2026-02-12,Leslie Curtis,Trade onto news billion system hand particularly plant finish place call head.,True
37,Gloria Snyder,019-73-4721,+1-294-580-1235x2265,zirwin@example.org,pHM-0719635,Female,1953-06-20,4,Anxiety,Raise speak event lay several popular.,"Gabapentin, Metformin, Levothyroxine","{""WBC"": 7101.9, ""Hgb"": 13.9, ""Platelets"": 242.0, ""Glucose"": 99.3}",None,2025-04-04,Kayla Lee,Parent rule professional discover question weight subject full commercial trial evening.,True
38,Lisa Robles,031-15-0945,001-767-957-4869x248,ericstevens@example.org,MTt-0005475,Other,2005-06-26,3,Anxiety,Fight raise collection still fact.,Amlodipine,"{""WBC"": 7709.6, ""Hgb"": 13.3, ""Platelets"": 374.1, ""Glucose"": 112.4}",Shellfish,2025-03-30,Tiffany Ferguson,Somebody likely authority increase together join draw but range instead.,False
39,Lisa Garrett,192-44-8191,3878440286,steven74@example.com,YDm-0054433,Female,1981-11-05,81,Asthma,I significant stop may time against.,"Levothyroxine, Albuterol, Atorvastatin","{""WBC"": 7886.8, ""Hgb"": 13.3, ""Platelets"": 192.5, ""Glucose"": 111.6}",Peanuts,2025-11-21,Bailey Owens,Grow either activity Mrs network strong similar.,True
40,Richard Williamson,350-19-0505,659-981-6965x7737,felicia89@example.com,iuo-2607133,Female,1972-03-31,2,Depression,Sense management threat see example.,"Levothyroxine, Amlodipine, Hydrochlorothiazide","{""WBC"": 4545.1, ""Hgb"": 14.5, ""Platelets"": 153.2, ""Glucose"": 136.7}",Penicillin,2025-10-04,Ashley Johnson,Still simply study culture follow live power that what sort.,True
41,Nicholas Turner,098-62-5003,7532442769,smithjenna@example.com,TIT-0532578,Male,1956-03-21,67,Hypertension,Need simply front bring.,"Metformin, Albuterol","{""WBC"": 8533.0, ""Hgb"": 14.5, ""Platelets"": 296.9, ""Glucose"": 129.5}",Shellfish,2026-02-24,Judith Holmes,Week piece your want sister news lay watch.,True
42,Sean Durham,073-98-8423,988-669-9947x308,cassandrasmith@example.com,yoV-8824099,Female,1946-03-20,17,COPD,By fish leave.,Hydrochlorothiazide,"{""WBC"": 4873.4, ""Hgb"": 16.8, ""Platelets"": 381.1, ""Glucose"": 136.6}",Peanuts,2025-03-06,Rachel Ortega,Accept body section data house kid election yard inside under bed in value.,False
43,Charles Butler,131-55-8405,981.246.3370,lindsaymcgee@example.org,IBs-7295712,Female,1973-07-21,76,Arthritis,Green man economy watch parent.,"Levothyroxine, Metformin","{""WBC"": 8778.7, ""Hgb"": 14.8, ""Platelets"": 398.8, ""Glucose"": 85.7}",Pollen,2025-10-18,Whitney Henson,Should necessary present move western American term remember southern mission.,True
44,Ian Alvarez,100-22-4396,234.249.5699x34900,deborah66@example.org,jbq-6230691,Other,1988-10-21,42,Diabetes,Two still else life all.,Albuterol,"{""WBC"": 6247.7, ""Hgb"": 15.2, ""Platelets"": 155.3, ""Glucose"": 88.7}",Shellfish,2025-03-24,Colleen Rivera,May size single agree treat everybody executive ten recently analysis.,True
45,Luis Wallace,417-62-3686,+1-277-679-0465,matthew01@example.com,ftn-8510475,Male,1980-09-23,44,Hypertension,Nice performance push lead stand mind today.,"Omeprazole, Hydrochlorothiazide","{""WBC"": 5727.6, ""Hgb"": 13.0, ""Platelets"": 275.5, ""Glucose"": 70.8}",Peanuts,2025-11-19,William Smith,Join light common sure save yeah goal work candidate then.,False
46,Amanda Mendoza,403-50-1893,640-383-8501,marybuchanan@example.org,ytF-0106694,Female,1940-04-02,68,COPD,Do game product culture.,Albuterol,"{""WBC"": 10486.6, ""Hgb"": 15.6, ""Platelets"": 360.3, ""Glucose"": 118.5}",Penicillin,2025-09-30,Kurt Woods,Animal build someone movement effort field kitchen and day carry another PM less.,False
47,Lori Hooper,223-72-6521,806-383-4860x38481,wesleypowell@example.org,emW-0875667,Male,1999-07-26,4,Diabetes,Blood wonder mention say.,"Lisinopril, Metformin, Amlodipine","{""WBC"": 4691.1, ""Hgb"": 16.5, ""Platelets"": 372.4, ""Glucose"": 132.1}",Shellfish,2025-12-24,Justin Jones,Scientist take turn model interest seem.,True
48,Curtis Leonard,846-57-6018,001-607-987-5410x8919,martinrobert@example.com,atX-2138178,Other,1967-01-30,56,Arthritis,Republican wrong sport mean six thought cultural ball.,"Simvastatin, Metformin","{""WBC"": 8519.7, ""Hgb"": 16.3, ""Platelets"": 178.3, ""Glucose"": 94.4}",Latex,2025-11-10,Lisa Wheeler,Success public live degree commercial officer white charge painting person.,True
49,William Lowery,107-65-8809,227-556-8967,travisthompson@example.org,QYq-7751256,Male,1953-07-21,73,Depression,Public affect who field consumer project type.,"Amlodipine, Simvastatin, Hydrochlorothiazide","{""WBC"": 4180.4, ""Hgb"": 12.5, ""Platelets"": 264.9, ""Glucose"": 97.4}",Peanuts,2025-07-20,Joann Nichols,Rate rest family they safe there while by husband each agree attorney.,True
50,Manuel Smith,841-35-4008,+1-712-617-4161x92118,jillian67@example.net,qQH-4894422,Female,1936-04-22,51,Hypertension,Discover wait might state ready energy.,"Simvastatin, Amlodipine, Lisinopril","{""WBC"": 5257.4, ""Hgb"": 14.7, ""Platelets"": 355.4, ""Glucose"": 110.2}",Penicillin,2026-02-21,Kevin Garcia,Minute especially agreement hair set unit size community now.,True
51,Katherine Hernandez,072-57-8033,(702)311-8381,teresacurry@example.net,oiJ-1530094,Female,1975-09-03,86,Hypertension,Very business different as traditional three.,Metformin,"{""WBC"": 4845.7, ""Hgb"": 14.9, ""Platelets"": 340.4, ""Glucose"": 80.5}",Penicillin,2025-06-24,Bradley Thompson,Response capital moment traditional list of real three significant million indicate a cold.,False
52,Timothy Richardson,486-05-2799,698-855-8664x752,bsmith@example.com,gXn-3187710,Male,1989-09-09,26,Migraine,Paper sister respond.,"Levothyroxine, Hydrochlorothiazide","{""WBC"": 8788.8, ""Hgb"": 13.7, ""Platelets"": 393.9, ""Glucose"": 85.9}",Latex,2025-08-30,Alejandra Williams,Professor even nothing his them consider capital style.,True
53,David Harvey,370-65-8749,(961)700-1680,rubenanderson@example.com,vVf-6773921,Other,1943-12-19,15,Diabetes,Oil cost leg since success.,"Simvastatin, Amlodipine, Lisinopril","{""WBC"": 9461.9, ""Hgb"": 14.1, ""Platelets"": 314.0, ""Glucose"": 124.0}",Pollen,2025-07-08,Allison Green,Discuss fly continue machine those Democrat star analysis call.,True
54,Kara Mcgrath,607-61-0677,+1-415-585-4775,smithlawrence@example.net,IOp-1295394,Other,1952-11-11,30,Hypertension,Detail nor well daughter major just institution.,"Atorvastatin, Levothyroxine","{""WBC"": 5773.5, ""Hgb"": 12.2, ""Platelets"": 262.9, ""Glucose"": 75.4}",Penicillin,2025-06-06,Brittany Reilly,Hair at miss movie final decade effort experience hair.,False
55,Seth Thompson,481-35-2002,(719)426-7161,kelsey64@example.org,EMl-8063319,Male,1929-05-19,64,Obesity,Middle this else in.,"Hydrochlorothiazide, Atorvastatin, Lisinopril","{""WBC"": 7644.4, ""Hgb"": 13.0, ""Platelets"": 170.0, ""Glucose"": 133.5}",Penicillin,2025-12-30,Francis Krause,Affect certain country president total speak community occur next newspaper.,False
56,Mindy Clark,645-02-5656,001-646-733-8901,teresa41@example.com,Evn-0135311,Male,1965-03-11,32,COPD,Drug plant thing relationship culture bar his.,"Atorvastatin, Levothyroxine","{""WBC"": 4516.9, ""Hgb"": 14.5, ""Platelets"": 222.0, ""Glucose"": 79.3}",None,2025-10-11,Nathan Miller,Participant child trouble individual possible will future.,True
57,Jessica Knox,169-44-1267,001-908-633-0602x476,rdrake@example.net,GEt-2604640,Other,1942-12-03,27,Arthritis,Before until international summer director individual.,"Lisinopril, Hydrochlorothiazide, Metformin","{""WBC"": 4055.9, ""Hgb"": 17.2, ""Platelets"": 168.3, ""Glucose"": 90.5}",Pollen,2025-09-07,Robert Rosario,Size he under will story skill sure group window population month.,True
58,Christina Austin MD,546-81-7218,001-247-817-1567x468,bford@example.net,Bmb-5410667,Other,2015-01-17,90,Anxiety,Camera until consumer find.,"Albuterol, Levothyroxine, Hydrochlorothiazide","{""WBC"": 9136.1, ""Hgb"": 14.8, ""Platelets"": 160.5, ""Glucose"": 85.8}",Shellfish,2025-11-17,Melissa Thomas,Peace performance case seek season paper.,True
59,Vanessa Garcia,080-52-9691,6855651612,lisagreen@example.com,Hua-2051064,Female,2009-08-29,20,COPD,Data many individual wait plan memory.,"Albuterol, Omeprazole, Atorvastatin","{""WBC"": 8559.4, ""Hgb"": 12.2, ""Platelets"": 337.1, ""Glucose"": 89.0}",None,2025-06-03,William Kelly,Man born fast how someone smile entire my.,True
60,Cynthia Schmidt,427-03-0755,+1-781-218-2798x9086,fullerwalter@example.com,zui-4860673,Male,1962-11-17,3,Anxiety,You new its traditional.,Simvastatin,"{""WBC"": 6774.6, ""Hgb"": 16.3, ""Platelets"": 315.6, ""Glucose"": 102.9}",Penicillin,2025-07-05,Andre Gillespie,Very particularly natural wonder value best either million into third act require.,False
61,Casey Lewis,555-62-9869,608-428-9564x99757,brandon23@example.com,tcE-9588868,Female,1996-11-28,32,Hypothyroidism,Drop thought but know information.,Simvastatin,"{""WBC"": 7161.1, ""Hgb"": 16.1, ""Platelets"": 167.0, ""Glucose"": 85.8}",None,2025-09-29,Ryan Gutierrez,Director two white voice measure turn pretty piece machine set.,False
62,James Garcia,346-88-4807,001-538-249-9406x057,fgilmore@example.net,cNp-8363775,Female,1968-11-03,100,Anxiety,No Mrs show risk number.,"Atorvastatin, Hydrochlorothiazide","{""WBC"": 9502.7, ""Hgb"": 16.6, ""Platelets"": 387.5, ""Glucose"": 130.5}",Shellfish,2025-09-03,Jackie Rose,President sign sure offer weight myself company order high particularly what wonder.,False
63,Erin Hawkins,227-32-0222,787.541.0594x71833,cgonzales@example.net,SFj-8458591,Male,1957-08-17,86,COPD,Rich loss mention.,Hydrochlorothiazide,"{""WBC"": 8393.4, ""Hgb"": 14.5, ""Platelets"": 225.4, ""Glucose"": 79.8}",Latex,2026-01-28,Jeffrey Reynolds MD,Fish per degree five campaign condition eat family sea TV without.,True
64,Lisa Brown,123-28-5460,+1-872-782-0365x672,baileymichael@example.net,Sew-1470321,Male,2009-04-02,41,COPD,Nothing staff service player store maintain stuff front.,"Metformin, Amlodipine","{""WBC"": 10867.2, ""Hgb"": 13.5, ""Platelets"": 152.4, ""Glucose"": 139.2}",Shellfish,2025-04-27,Aimee Rowe,Policy budget evidence wish region owner another maintain challenge arm buy board why.,False
65,Ralph Vazquez,230-76-4679,439-844-2884x0393,sanchezjohn@example.net,cAN-6387844,Other,2015-04-14,81,Anxiety,History either peace other character.,"Levothyroxine, Omeprazole, Metformin","{""WBC"": 5462.9, ""Hgb"": 16.7, ""Platelets"": 354.2, ""Glucose"": 95.4}",Penicillin,2025-10-20,Trevor Lynch,Commercial true husband test peace itself.,True
66,Tiffany Vargas,557-02-4169,(754)795-3847x789,beasleymegan@example.org,lgs-0140050,Male,1999-08-08,37,Migraine,Rock weight garden would pass explain.,"Albuterol, Metformin, Gabapentin","{""WBC"": 5827.2, ""Hgb"": 12.3, ""Platelets"": 205.6, ""Glucose"": 117.3}",Pollen,2025-12-20,Jessica Watkins,Class detail author meeting break issue prevent seat can industry office radio give.,False
67,Rachel Morales,814-09-1779,(410)701-2784,mcguiremary@example.org,OCw-4331504,Other,1951-02-25,33,Hypertension,Majority government road arm remember TV.,Albuterol,"{""WBC"": 6049.3, ""Hgb"": 12.6, ""Platelets"": 262.0, ""Glucose"": 138.6}",Peanuts,2025-07-04,Andrew Bray,Cultural rest party various happen investment offer institution avoid less create environmental.,False
68,Lauren Patterson,008-30-0460,(215)875-2902,tammyblack@example.net,CMY-5642534,Female,1985-02-22,79,Migraine,Put language how civil start today rate.,"Metformin, Simvastatin","{""WBC"": 10597.7, ""Hgb"": 13.4, ""Platelets"": 293.2, ""Glucose"": 92.7}",Peanuts,2025-05-25,James Thomas,Executive behind court cover health cell likely ground medical without force could today.,True
69,David Walker,678-43-0641,+1-883-741-0909,davidwalker@example.com,pfW-0347879,Female,2014-10-08,86,COPD,Approach fine action save part consider role.,"Levothyroxine, Metformin","{""WBC"": 6749.2, ""Hgb"": 12.4, ""Platelets"": 158.1, ""Glucose"": 81.1}",None,2026-01-30,Denise Brown,Hotel stand born five yourself whom season hair join chair.,False
70,Timothy Cobb,531-75-8167,661.419.0585x032,xjacobs@example.net,LUd-7418176,Other,1951-08-29,44,COPD,It just here ago international education figure.,Gabapentin,"{""WBC"": 6435.3, ""Hgb"": 15.0, ""Platelets"": 156.2, ""Glucose"": 128.7}",None,2025-12-16,Christopher Green,Line goal north owner send thousand nearly difference.,True
71,Kevin Mcdaniel,188-33-6880,844-890-6921x819,taylorbailey@example.org,kfZ-1120796,Male,1974-08-02,73,COPD,Notice manage technology factor.,Omeprazole,"{""WBC"": 6930.3, ""Hgb"": 15.1, ""Platelets"": 379.6, ""Glucose"": 108.1}",None,2025-12-31,Jason Brown,Entire those present really process quickly coach treat month score.,False
72,Alejandra Hunter,524-31-0303,333.628.2748x02368,uhughes@example.org,oPF-3096563,Female,2016-05-08,36,Arthritis,Ahead lay event product anyone eye.,"Hydrochlorothiazide, Lisinopril","{""WBC"": 7855.6, ""Hgb"": 15.8, ""Platelets"": 280.2, ""Glucose"": 137.3}",Shellfish,2026-02-13,David Nielsen,Democratic write product catch south head will.,True
73,Michelle Allen,584-02-0432,407.372.0851,james25@example.com,Kmy-8527704,Male,2019-01-22,15,Asthma,Car door attack.,Gabapentin,"{""WBC"": 5161.5, ""Hgb"": 13.4, ""Platelets"": 265.7, ""Glucose"": 137.3}",Peanuts,2026-02-08,Mark Smith,Certain laugh clearly world economy sing professor.,True
74,Mike Day,038-94-1747,001-215-526-0890,mlawrence@example.net,yuy-5372094,Male,1981-01-25,53,Arthritis,Strategy catch party whom.,"Amlodipine, Simvastatin","{""WBC"": 5042.5, ""Hgb"": 14.5, ""Platelets"": 312.0, ""Glucose"": 106.0}",None,2025-08-27,Kiara Middleton,Phone body word way by clearly beautiful another run nothing recently.,False
75,Leah Boyle,014-19-7053,526.375.9378x38445,jamestaylor@example.com,Cvl-5201566,Male,1981-11-11,46,Diabetes,Quite who measure by.,"Simvastatin, Metformin, Lisinopril","{""WBC"": 7999.7, ""Hgb"": 16.6, ""Platelets"": 381.5, ""Glucose"": 128.4}",None,2026-02-21,James Johns,Exist meeting reason likely our modern money.,False
76,Carolyn Trujillo,616-32-4400,251-497-7115,freynolds@example.org,Odz-2722778,Other,1936-03-19,77,Diabetes,Meet up side sometimes.,Amlodipine,"{""WBC"": 10847.7, ""Hgb"": 13.4, ""Platelets"": 380.2, ""Glucose"": 116.2}",None,2025-07-29,Michael Edwards,Yeah better state morning different rock contain property community early stuff partner style.,False
77,Brittney Mata MD,859-81-8214,300-533-6930,iroberson@example.com,pDN-2442235,Female,1969-02-27,50,Obesity,Send audience PM water part certainly human.,Albuterol,"{""WBC"": 4714.0, ""Hgb"": 17.1, ""Platelets"": 381.4, ""Glucose"": 78.1}",Latex,2025-08-01,Steven Richardson,Age chance indicate each window lead lead to.,False
78,Joseph Jenkins,301-34-5401,001-698-730-3359x7356,annacrawford@example.org,rPN-7626812,Other,1989-05-06,45,Hypertension,Attack create article each.,"Lisinopril, Levothyroxine, Omeprazole","{""WBC"": 10199.6, ""Hgb"": 14.1, ""Platelets"": 205.7, ""Glucose"": 76.1}",Peanuts,2025-04-28,Lori Hamilton,Look place win land stuff away various expect positive.,True
79,Gary Jefferson,469-37-5275,+1-820-210-3575x1314,lrivera@example.com,ElM-6403764,Other,2002-11-06,93,Depression,Per defense conference would how employee rather vote.,Levothyroxine,"{""WBC"": 4962.3, ""Hgb"": 16.5, ""Platelets"": 256.9, ""Glucose"": 90.1}",Pollen,2025-06-07,Brandon Moore,Owner test explain big along give understand difference end close much movement.,False
80,Kristin Perry,625-92-5898,001-977-890-6063x27349,clayanthony@example.org,ywD-6187472,Male,2014-12-24,43,Depression,Account father whom style crime force drug.,Hydrochlorothiazide,"{""WBC"": 6794.9, ""Hgb"": 13.1, ""Platelets"": 309.4, ""Glucose"": 91.0}",Penicillin,2026-01-26,Lindsay Rodgers,Operation themselves not soldier common agree sometimes yourself past.,True
81,Patricia Sherman,601-06-8212,(957)371-0903,rodneyhoffman@example.com,hpQ-9029619,Female,1930-11-13,53,COPD,Per whose police whose class.,Simvastatin,"{""WBC"": 10237.0, ""Hgb"": 15.6, ""Platelets"": 196.5, ""Glucose"": 103.8}",Pollen,2025-10-25,Marie Harmon,With establish establish image society crime tonight unit particular.,True
82,Adam Ward,202-29-1947,001-357-884-2730x00289,holly15@example.com,weq-7234953,Male,1994-07-08,19,Asthma,Tree result positive guy partner on reason.,"Atorvastatin, Metformin","{""WBC"": 9635.3, ""Hgb"": 17.0, ""Platelets"": 291.5, ""Glucose"": 81.6}",Penicillin,2026-02-24,Natalie Lyons,Lay building fight president feel beyond sea nearly happen.,False
83,Brent Ellis,251-27-7033,+1-360-212-1980x3840,crystalmartin@example.net,Xbn-0612599,Male,1959-10-06,76,Depression,Research right respond car thing because phone mission.,"Simvastatin, Amlodipine, Albuterol","{""WBC"": 9553.4, ""Hgb"": 17.1, ""Platelets"": 235.8, ""Glucose"": 83.4}",Shellfish,2026-01-23,Tammy Deleon,Raise will make green serious say or save mission little.,True
84,Lee Martin,183-58-8018,+1-616-680-4167x366,pvazquez@example.com,BJP-7616760,Male,2016-12-13,64,Migraine,Smile gun capital garden forward.,Metformin,"{""WBC"": 6149.3, ""Hgb"": 14.4, ""Platelets"": 374.2, ""Glucose"": 129.6}",Latex,2025-05-26,Jason Mcknight,North strong which quite imagine action.,True
85,Logan Maldonado,316-53-4750,+1-243-486-9321,stevenpeters@example.net,YtH-4398584,Male,2007-09-24,90,Asthma,Determine pass eat until perhaps.,"Hydrochlorothiazide, Metformin, Gabapentin","{""WBC"": 5126.9, ""Hgb"": 16.9, ""Platelets"": 287.6, ""Glucose"": 110.1}",None,2025-09-29,Jason Norton,Attorney fish room toward skin answer president hospital significant.,True
86,Patrick Powell,633-32-5375,6867335409,marieschmidt@example.com,HjK-2069986,Other,2023-09-23,26,Migraine,Authority health wear his wind.,Omeprazole,"{""WBC"": 6082.5, ""Hgb"": 15.3, ""Platelets"": 324.1, ""Glucose"": 137.5}",Latex,2025-05-22,Jasmine Oliver,Share arrive office structure stand mother surface move best each tough ok gas.,False
87,Christie Jimenez,154-37-7523,+1-573-216-7004x99353,kgarcia@example.org,nqK-4189568,Male,1989-10-13,94,Diabetes,Beautiful morning individual but beat vote.,Levothyroxine,"{""WBC"": 9341.5, ""Hgb"": 14.1, ""Platelets"": 241.9, ""Glucose"": 98.7}",Shellfish,2025-06-23,Michele Black,Hard difficult almost very do true join another blue score then.,False
88,Alexander Mcdonald,111-29-7780,(708)437-3245x050,martinezvictor@example.org,LIY-6436181,Male,1982-04-13,63,Hypothyroidism,Ten can material rate suggest offer.,"Amlodipine, Simvastatin, Gabapentin","{""WBC"": 4311.1, ""Hgb"": 13.7, ""Platelets"": 394.7, ""Glucose"": 70.8}",Pollen,2025-10-31,Jeremy Watkins,Modern need place every impact responsibility exactly statement.,True
89,Sarah Sanchez,849-07-1671,(222)298-1254x4436,jonesthomas@example.org,jea-5116129,Other,2014-04-30,41,Arthritis,Letter risk forget win section various.,Omeprazole,"{""WBC"": 4913.0, ""Hgb"": 15.6, ""Platelets"": 222.1, ""Glucose"": 88.7}",Pollen,2026-02-19,Sheri Hicks,Bit thus player require citizen skill.,False
90,Vanessa Ingram,402-77-4815,+1-558-799-2628,jennifer89@example.com,SgM-6218722,Other,1954-12-19,29,Depression,Certainly land perform trial music federal agree.,"Lisinopril, Simvastatin","{""WBC"": 4085.9, ""Hgb"": 13.0, ""Platelets"": 198.5, ""Glucose"": 88.4}",Shellfish,2025-11-16,Matthew Miller,Water thank true political want interview who beautiful involve day.,False
91,Kimberly Rojas,362-90-8265,001-985-645-4408x993,williamsmichele@example.net,zhn-5894078,Female,1929-02-18,43,Depression,Doctor mission order however two.,Amlodipine,"{""WBC"": 5141.7, ""Hgb"": 15.5, ""Platelets"": 336.7, ""Glucose"": 104.9}",Peanuts,2026-02-05,James Thomas,President idea word court season explain word student very type quickly image call.,True
92,Kim Sanders,228-14-4774,923.484.3537,karen02@example.com,zct-3705549,Female,1959-10-05,89,COPD,Answer research of study.,Lisinopril,"{""WBC"": 7456.5, ""Hgb"": 16.4, ""Platelets"": 186.7, ""Glucose"": 102.4}",Peanuts,2025-05-04,Hector Boyd,Lose control because start discussion dog.,False
93,Joseph Frank,463-41-0128,2706870634,dustin06@example.org,yNG-2803304,Female,1964-04-21,89,Depression,Region situation decide main enjoy ever plan fund.,"Hydrochlorothiazide, Omeprazole, Amlodipine","{""WBC"": 5001.3, ""Hgb"": 16.3, ""Platelets"": 333.7, ""Glucose"": 79.8}",Penicillin,2025-10-20,Nicholas Smith,Spend best method recent sister several discover respond social race per.,False
94,Christopher King,690-10-3565,982.875.9940x4746,moorewarren@example.org,TOR-9531863,Other,1945-12-25,36,Depression,Often approach first each likely environmental meeting.,Gabapentin,"{""WBC"": 6507.6, ""Hgb"": 15.8, ""Platelets"": 248.7, ""Glucose"": 97.3}",Pollen,2025-08-19,Rodney Lane,Worry use air glass type whose notice once role.,True
95,Mark Johnson,387-54-1417,7636690975,christina21@example.net,vre-3739327,Male,1984-10-22,44,Depression,Later present certainly environment yes fill.,"Omeprazole, Gabapentin, Simvastatin","{""WBC"": 4566.5, ""Hgb"": 14.2, ""Platelets"": 193.9, ""Glucose"": 105.9}",Penicillin,2025-07-27,Miss Jennifer Le,Build contain read reality chair national strategy analysis their often specific artist visit former.,True
96,Michael Gay,730-92-8376,4027449323,michelle26@example.org,Pqz-1782907,Female,2007-12-09,45,Arthritis,Eight least though hot.,"Atorvastatin, Amlodipine, Gabapentin","{""WBC"": 6344.3, ""Hgb"": 17.4, ""Platelets"": 278.1, ""Glucose"": 82.3}",Shellfish,2025-12-13,Kevin Harris,Science poor actually radio read usually season.,False
97,Heather Kelly,226-29-3109,8396471253,marquezkeith@example.com,yfG-4199842,Female,1940-11-15,42,Arthritis,Move physical yet again morning after.,"Albuterol, Omeprazole","{""WBC"": 7759.7, ""Hgb"": 12.5, ""Platelets"": 263.8, ""Glucose"": 75.5}",Latex,2025-03-20,Krista Jacobson,Look list throw here without weight successful.,False
98,Pamela Costa,146-98-8436,669.461.1187,msalazar@example.org,UKS-1233231,Male,1963-10-22,60,Migraine,My hot book.,"Gabapentin, Amlodipine","{""WBC"": 7407.4, ""Hgb"": 14.3, ""Platelets"": 163.3, ""Glucose"": 118.8}",Latex,2025-07-21,Christopher Wang,Game knowledge box realize gas media.,False
99,Steven Benitez,638-39-8401,511-959-2646,mitchellshawn@example.com,nNa-4016831,Other,1962-01-20,79,Anxiety,Exactly chance figure past vote.,"Gabapentin, Hydrochlorothiazide","{""WBC"": 5606.9, ""Hgb"": 12.1, ""Platelets"": 274.3, ""Glucose"": 109.0}",Pollen,2025-12-03,Brian Harris,Do plan small few size rather you.,True
100,Phyllis Johnson,183-71-3900,7194842179,washingtonjoseph@example.net,JVk-9461092,Male,1933-06-18,50,Hypertension,Local mission one less adult item.,"Atorvastatin, Gabapentin, Omeprazole","{""WBC"": 4343.5, ""Hgb"": 16.3, ""Platelets"": 352.7, ""Glucose"": 122.9}",Pollen,2025-12-10,Nicholas Wheeler,Show share sport mother do word.,True
101,Terry Glover,868-66-1089,3316301173,rosedesiree@example.net,lot-3853260,Female,1927-09-29,100,COPD,Myself expert fly magazine she kitchen enter.,"Omeprazole, Lisinopril, Levothyroxine","{""WBC"": 9677.2, ""Hgb"": 15.7, ""Platelets"": 322.5, ""Glucose"": 107.7}",Pollen,2025-07-27,Daniel Phelps,Consumer week include hospital appear media main value enjoy.,False
102,Alice Zuniga,670-36-5584,543.844.2560,xbrown@example.com,saj-4559434,Female,1959-11-09,44,Diabetes,Particular so president foreign team.,"Simvastatin, Amlodipine","{""WBC"": 5352.9, ""Hgb"": 15.3, ""Platelets"": 181.4, ""Glucose"": 95.5}",Penicillin,2025-07-02,Julie Jones,Other accept staff partner take actually population industry industry sport measure serious.,False
103,Jennifer Perez,815-44-8595,4099584397,ianclements@example.org,NyG-4027239,Female,2013-01-01,21,Depression,Ability game they also common including doctor.,"Gabapentin, Atorvastatin","{""WBC"": 8455.5, ""Hgb"": 15.2, ""Platelets"": 155.7, ""Glucose"": 114.4}",Shellfish,2025-11-13,Francisco Livingston,Walk business project care worry system popular nature reality tell clear.,False
104,Robert Hamilton,500-94-4332,001-469-957-7439,mmathis@example.com,tzX-3275925,Other,1980-07-14,94,Arthritis,Bed computer ago office.,Hydrochlorothiazide,"{""WBC"": 6009.9, ""Hgb"": 12.7, ""Platelets"": 175.8, ""Glucose"": 112.2}",Shellfish,2025-04-18,Colleen Escobar,Environmental sea party white minute read part condition dinner especially fund continue.,True
105,Lisa Weber,500-30-3027,(305)501-5105,nicholas45@example.org,URq-2100156,Female,1970-04-24,6,Depression,Girl personal also task return.,"Simvastatin, Levothyroxine","{""WBC"": 7141.5, ""Hgb"": 17.2, ""Platelets"": 237.1, ""Glucose"": 111.3}",Peanuts,2025-05-02,Richard Bauer,Kitchen nothing hospital employee tell trade.,False
106,Charles Nguyen,607-16-9223,001-780-776-7871,kelliott@example.com,DfR-2217189,Female,1993-05-01,35,Migraine,Later ok accept raise.,"Amlodipine, Albuterol, Levothyroxine","{""WBC"": 10637.2, ""Hgb"": 14.4, ""Platelets"": 304.1, ""Glucose"": 129.6}",Pollen,2025-04-25,Brooke Jones,Without every with involve security throw.,False
107,Cynthia Sullivan,650-27-6546,849.832.9382x8495,stevenreeves@example.com,pda-2606567,Male,2003-03-25,11,Anxiety,Set room create score skin write reach else.,Simvastatin,"{""WBC"": 8939.4, ""Hgb"": 17.2, ""Platelets"": 224.3, ""Glucose"": 75.7}",Peanuts,2025-10-29,Melissa Scott,Nor seem fish one cover may nothing must.,True
108,Rachel Obrien,521-48-9775,001-812-570-5557x90811,ewagner@example.org,Key-2398865,Other,1953-10-14,23,Anxiety,For father skill almost apply toward knowledge.,Omeprazole,"{""WBC"": 6167.5, ""Hgb"": 13.8, ""Platelets"": 291.7, ""Glucose"": 138.8}",Pollen,2025-07-03,Jacqueline Scott,Already issue realize tax improve central.,False
109,Mrs. Sandra Fox PhD,217-19-9998,785-915-0580x95554,rhunt@example.com,NaD-0056543,Female,1960-09-16,50,COPD,Prevent stay way theory relate bed citizen player.,"Metformin, Amlodipine","{""WBC"": 10043.4, ""Hgb"": 13.6, ""Platelets"": 328.9, ""Glucose"": 140.0}",Pollen,2026-02-11,Nathaniel Jordan,West marriage including author not at history summer ten personal ground compare ability.,True
110,Travis Obrien,297-97-7696,(369)662-7471x516,cjones@example.com,qXi-4647561,Female,1991-03-11,7,Hypertension,Rest election listen water friend contain TV various.,Gabapentin,"{""WBC"": 4233.7, ""Hgb"": 13.7, ""Platelets"": 398.2, ""Glucose"": 135.7}",None,2025-09-26,Valerie Lyons,Arrive child us as performance add talk character ability difference pick.,False
111,Charles Hughes,317-68-7634,757.850.6081x6817,xnelson@example.org,dJp-7435075,Female,1937-10-15,96,Diabetes,Fast third true actually.,"Simvastatin, Gabapentin, Metformin","{""WBC"": 9858.8, ""Hgb"": 16.0, ""Platelets"": 293.4, ""Glucose"": 91.5}",Latex,2025-08-19,Victoria Griffin,Reason prepare how shoulder possible address write.,False
112,Sara Le,865-49-9646,6084893618,jordanamber@example.net,yDU-7553885,Male,1985-05-11,31,Hypertension,Vote economy knowledge.,Albuterol,"{""WBC"": 5306.4, ""Hgb"": 16.7, ""Platelets"": 230.5, ""Glucose"": 132.7}",Peanuts,2025-03-23,Leslie Beltran,Discussion value sort true notice floor gas hand early network.,False
113,Crystal Lee,447-48-7627,240.810.2026x141,stephen40@example.org,ROo-6048910,Other,2008-07-30,64,Asthma,Order apply dog sport.,Simvastatin,"{""WBC"": 9249.0, ""Hgb"": 16.2, ""Platelets"": 374.8, ""Glucose"": 92.4}",Latex,2025-05-24,Mark Robles,Full officer always executive all state ball check federal voice television local find.,True
114,Steven Thomas,412-82-7871,930.561.4455x19594,erikabarber@example.com,lKv-1554105,Female,1951-03-27,1,COPD,Order statement live act court argue court.,Atorvastatin,"{""WBC"": 8154.2, ""Hgb"": 16.8, ""Platelets"": 257.8, ""Glucose"": 136.4}",Latex,2025-05-18,Emily White,Sort action free technology loss need trade.,True
115,Henry Campbell,446-15-3037,001-592-491-1117x5559,ambercarpenter@example.com,nMH-8192592,Other,1931-06-03,47,Hypertension,Born light ask former keep.,"Lisinopril, Hydrochlorothiazide","{""WBC"": 4255.0, ""Hgb"": 16.5, ""Platelets"": 231.2, ""Glucose"": 106.6}",None,2025-05-25,Kimberly Stevens,Parent stay security difference very our together hot force century development.,True
116,Isaac Wade,862-21-7521,835-782-7960x086,hernandezmelissa@example.org,LNo-4594872,Other,1929-07-05,51,Hypothyroidism,Rise its resource understand then.,Albuterol,"{""WBC"": 8485.7, ""Hgb"": 12.2, ""Platelets"": 275.9, ""Glucose"": 114.7}",Shellfish,2025-05-27,Peter Hayes,Product owner public probably economy different both bill so.,False
117,Christopher Henderson,310-57-8336,340.436.3909x756,schultzhenry@example.com,nYp-2373445,Female,1938-06-20,10,Anxiety,Beyond community only charge deep general.,Gabapentin,"{""WBC"": 9504.1, ""Hgb"": 13.1, ""Platelets"": 257.9, ""Glucose"": 82.4}",Pollen,2025-04-01,Kevin Fernandez,Guess or maybe end put go pass special save under involve amount top million.,True
118,Jeffrey Jacobs,779-60-0040,+1-591-472-5584,gregory02@example.org,Rsq-1381717,Other,1979-11-07,39,Migraine,Carry form agency life.,"Hydrochlorothiazide, Omeprazole, Lisinopril","{""WBC"": 5125.3, ""Hgb"": 13.9, ""Platelets"": 307.5, ""Glucose"": 136.7}",Penicillin,2025-05-09,Debbie Cross,Security process doctor herself cold television suffer account only discuss trial itself single.,False
119,Jennifer Jones,432-73-1302,212-774-7678,gbrown@example.net,HOZ-5993369,Other,1930-03-07,20,COPD,Along chance example account.,Hydrochlorothiazide,"{""WBC"": 7455.8, ""Hgb"": 16.1, ""Platelets"": 267.2, ""Glucose"": 72.0}",Pollen,2026-02-07,Elizabeth Williams,Various race every card decide program.,False
120,Tiffany Greer,845-44-0608,(321)364-4412x2511,douglashouse@example.org,HHQ-2911560,Other,1945-10-23,67,Asthma,Office indicate person measure game score leg.,"Levothyroxine, Albuterol","{""WBC"": 9453.2, ""Hgb"": 12.1, ""Platelets"": 272.7, ""Glucose"": 129.9}",Shellfish,2025-09-07,Jenna Harris,Play bit tough arrive value explain.,False
121,Lindsay Carroll,488-30-0982,(892)804-5670x547,benjaminlester@example.com,YSB-6718409,Male,2016-04-17,87,Obesity,Despite man step ready foot.,"Amlodipine, Metformin, Atorvastatin","{""WBC"": 9398.5, ""Hgb"": 13.8, ""Platelets"": 160.2, ""Glucose"": 124.1}",None,2025-07-08,Alison Ortiz,Theory friend nor near conference old world back appear point both.,False
122,Laura Ramirez,519-97-5067,996-467-5507x292,gfernandez@example.org,wjY-2550181,Male,1989-11-06,34,Asthma,Official feeling economy page sign.,"Metformin, Simvastatin","{""WBC"": 6521.4, ""Hgb"": 13.7, ""Platelets"": 286.2, ""Glucose"": 72.8}",Penicillin,2025-06-09,Theresa Ferguson,Service country avoid we technology table firm need opportunity subject.,True
123,Garrett Hayes,359-18-1750,693.460.2528x9880,pblair@example.net,YnZ-5277007,Male,2018-11-28,83,Anxiety,Interest create everybody process.,"Albuterol, Atorvastatin","{""WBC"": 6763.9, ""Hgb"": 16.4, ""Platelets"": 328.4, ""Glucose"": 72.7}",Shellfish,2025-08-23,Douglas Johnson,Say doctor major expert ability per operation.,False
124,Stephen Jenkins MD,756-62-6737,665-892-8197x09082,skinnerjason@example.net,STW-7758505,Female,1952-03-25,36,Arthritis,Figure do green sport itself company enough.,"Metformin, Hydrochlorothiazide","{""WBC"": 10822.0, ""Hgb"": 17.1, ""Platelets"": 214.1, ""Glucose"": 96.0}",None,2025-03-06,Carla Payne,Either national value want write receive down late development fear draw series.,False
125,Megan Bates,434-05-6249,+1-577-556-2696,juliesullivan@example.org,nFQ-1966193,Other,1940-06-19,64,Migraine,Beyond teach memory such.,"Metformin, Atorvastatin, Simvastatin","{""WBC"": 5743.2, ""Hgb"": 17.0, ""Platelets"": 253.3, ""Glucose"": 114.4}",Peanuts,2025-11-13,Brett Wade,Middle skill Congress let none present their continue property responsibility memory country parent.,True
126,Joseph Hester,465-06-7930,001-494-517-0084,kimpamela@example.net,LtI-4893363,Female,1971-10-27,22,Hypothyroidism,Early popular generation lawyer upon together.,Gabapentin,"{""WBC"": 8485.7, ""Hgb"": 12.7, ""Platelets"": 311.8, ""Glucose"": 108.3}",Shellfish,2025-07-12,John Young,Hundred language green scene prepare writer various course test spring theory write care.,False
127,Michael Williams,648-89-4046,321-760-3850x5655,lauragarcia@example.net,rBX-9228558,Other,1990-09-28,28,Hypertension,Onto bag hour everyone throughout second.,"Amlodipine, Metformin","{""WBC"": 8986.7, ""Hgb"": 16.5, ""Platelets"": 347.8, ""Glucose"": 130.0}",Pollen,2026-01-24,Daniel Martinez,Style practice position some mother camera usually see fish push discuss one explain.,True
128,Sarah Armstrong,768-23-9717,(378)544-0664,pvelazquez@example.net,NEA-9642230,Other,2003-09-05,74,Hypothyroidism,Material another development stock beautiful establish.,"Atorvastatin, Lisinopril","{""WBC"": 5305.5, ""Hgb"": 14.7, ""Platelets"": 378.5, ""Glucose"": 107.8}",Shellfish,2025-04-22,Sherry Rowe,Manager although language occur image poor.,False
129,James Torres,725-75-0370,456-276-3222x90547,brianna94@example.org,pyD-0046842,Other,1973-04-27,44,Diabetes,Analysis hair instead staff offer once happen knowledge.,"Amlodipine, Levothyroxine","{""WBC"": 6871.1, ""Hgb"": 13.3, ""Platelets"": 188.7, ""Glucose"": 71.2}",Penicillin,2025-06-30,Kimberly Sanchez,Push fish small always necessary child step public activity common thank sea.,False
130,Sarah Kramer,088-88-2679,242-976-4205,mendozarobert@example.org,RuA-1532838,Other,1963-06-26,87,Anxiety,None still receive team these keep.,Hydrochlorothiazide,"{""WBC"": 5652.1, ""Hgb"": 13.0, ""Platelets"": 282.2, ""Glucose"": 134.9}",None,2025-03-24,Brian Wright,Report ago state price represent hand wide point ok per contain kind.,True
131,Anna Thomas,570-76-5134,801-856-5239,ksummers@example.net,vTD-6011823,Female,1987-12-01,80,Migraine,Ask enter late own letter.,"Metformin, Atorvastatin, Hydrochlorothiazide","{""WBC"": 6443.1, ""Hgb"": 16.5, ""Platelets"": 316.0, ""Glucose"": 110.7}",Latex,2025-03-18,Sophia Hughes,Least to painting economy democratic rule ask measure condition.,True
132,Sara Tran,162-57-3557,+1-926-321-1481,vmorris@example.org,lwp-4891825,Female,1984-07-13,25,Arthritis,Above baby day run figure price.,Simvastatin,"{""WBC"": 7296.9, ""Hgb"": 16.7, ""Platelets"": 267.1, ""Glucose"": 102.6}",Latex,2025-08-19,Darren Vazquez,Baby assume increase despite half student activity person.,True
133,Emily Stewart,047-97-1210,590-883-9463,brownalexis@example.org,eQo-3854050,Female,1960-11-07,94,Diabetes,Front possible war suffer.,Omeprazole,"{""WBC"": 4429.8, ""Hgb"": 13.4, ""Platelets"": 190.8, ""Glucose"": 71.8}",Peanuts,2025-11-20,Cindy Thompson,International research commercial growth beat loss bill tonight wear so exactly size step.,False
134,David Ross,854-24-5857,(846)735-3024x261,browndonald@example.com,Spa-2168569,Other,1943-11-04,57,Diabetes,Cut ago five black have over night success.,"Gabapentin, Amlodipine, Omeprazole","{""WBC"": 8953.8, ""Hgb"": 12.7, ""Platelets"": 267.0, ""Glucose"": 75.9}",Peanuts,2025-04-28,Richard Allen,Former if window garden soldier into.,False
135,Ashley Stone,451-46-5286,492.262.2653x575,thompsontamara@example.com,xWH-2749810,Other,1958-10-01,25,Arthritis,Military plant around call challenge trade cultural force.,Hydrochlorothiazide,"{""WBC"": 4760.5, ""Hgb"": 16.9, ""Platelets"": 192.9, ""Glucose"": 111.1}",Penicillin,2025-06-22,Christopher Dunlap,Trip politics sport long defense condition management partner than.,False
136,Jeffrey Sellers,195-36-3729,996.472.7048x71142,christophersmith@example.com,uSO-2307262,Other,1973-03-28,79,Migraine,Large tonight allow feel group.,"Atorvastatin, Hydrochlorothiazide","{""WBC"": 10217.1, ""Hgb"": 14.5, ""Platelets"": 263.5, ""Glucose"": 139.3}",Latex,2025-08-07,John Martinez,According operation join executive dinner site from agency almost box walk.,True
137,Brian Jones,873-72-8940,(483)995-1755x921,carrcatherine@example.com,mIm-8415942,Other,2023-01-07,12,Obesity,Himself now within under scene meet feel decide.,"Omeprazole, Metformin","{""WBC"": 4119.5, ""Hgb"": 13.4, ""Platelets"": 190.5, ""Glucose"": 112.3}",Penicillin,2026-01-09,Kari Ford,Fall certain establish road election employee few put onto fast different.,True
138,Jeremy Rivera,190-20-7529,(437)638-8309x411,fhall@example.org,dag-7262260,Male,1992-03-25,38,Migraine,East culture whom sell amount garden.,"Lisinopril, Albuterol","{""WBC"": 9249.0, ""Hgb"": 13.1, ""Platelets"": 233.1, ""Glucose"": 82.0}",Peanuts,2025-10-30,Joy Hines,Sense statement consider scientist rather we building maintain me risk major class.,False
139,Michael Johnson,887-45-4837,805.635.0905x27230,mrivera@example.org,nQC-5812487,Female,1982-02-24,70,Arthritis,Many though dog summer image west.,Levothyroxine,"{""WBC"": 8324.7, ""Hgb"": 15.0, ""Platelets"": 351.0, ""Glucose"": 87.7}",Latex,2025-06-24,Carlos Guerrero,Senior capital leg son security radio yard check project difficult unit loss.,True
140,Mrs. Nancy Butler PhD,761-81-2764,810-883-0079,stevenaguirre@example.org,kPI-1817163,Other,1955-02-23,34,Anxiety,Relationship provide also.,"Atorvastatin, Lisinopril, Omeprazole","{""WBC"": 7306.4, ""Hgb"": 17.0, ""Platelets"": 312.8, ""Glucose"": 124.1}",Penicillin,2025-10-29,Amanda Robinson,Report thing risk often call nor figure.,False
141,Tiffany Gutierrez,774-75-6678,799.432.0099x92346,sharon64@example.org,DBC-8166293,Female,1996-02-17,17,Hypertension,Body national effect top evening.,"Lisinopril, Amlodipine, Atorvastatin","{""WBC"": 9152.1, ""Hgb"": 12.2, ""Platelets"": 248.8, ""Glucose"": 138.6}",Peanuts,2025-08-03,Nathan Freeman,Glass art represent by threat from yourself level kitchen discuss to onto hand.,False
142,Philip Wilson,541-51-9726,342-843-8197x840,montoyaandrew@example.com,MRp-6925120,Male,1938-01-04,64,COPD,Bring animal happen should same window power room.,"Lisinopril, Simvastatin, Gabapentin","{""WBC"": 10266.0, ""Hgb"": 16.9, ""Platelets"": 232.7, ""Glucose"": 80.0}",Pollen,2025-07-06,Joseph Snyder,Star trial scene order never measure method court alone.,False
143,Heather Diaz,080-22-1150,+1-498-513-6227x0202,monique94@example.net,uGf-0276684,Other,1986-03-13,73,Migraine,Side themselves hospital.,"Metformin, Albuterol","{""WBC"": 9637.5, ""Hgb"": 15.3, ""Platelets"": 284.0, ""Glucose"": 74.4}",Peanuts,2025-06-03,Elizabeth Lewis,Southern performance agency seem realize happy information cultural find federal after activity.,True
144,Dr. Haley Parker,884-07-7540,767-383-0439x0823,martinbilly@example.com,PTc-1544777,Male,1976-07-06,11,COPD,Daughter loss organization common fire entire TV.,"Lisinopril, Amlodipine, Omeprazole","{""WBC"": 4846.8, ""Hgb"": 15.0, ""Platelets"": 170.4, ""Glucose"": 94.1}",Pollen,2025-10-27,Michelle Farrell,Western defense entire thus family coach hit.,False
145,Jerry Smith,357-76-8770,+1-991-959-3306,jonathan14@example.net,mQN-7641819,Male,2011-06-02,23,Hypothyroidism,Public item loss structure sing woman traditional against.,"Metformin, Simvastatin, Lisinopril","{""WBC"": 7423.0, ""Hgb"": 16.1, ""Platelets"": 250.5, ""Glucose"": 103.6}",None,2025-06-30,Kelly Mckinney,Start field even your nature political.,False
146,Jill Smith,860-56-1458,6833622242,edward03@example.org,ptt-8747963,Male,1960-10-10,26,Arthritis,Never way not especially.,"Metformin, Atorvastatin","{""WBC"": 6027.5, ""Hgb"": 12.9, ""Platelets"": 346.5, ""Glucose"": 76.5}",Shellfish,2026-01-11,Michael Rodriguez,Husband official main feel attention animal economic hundred.,False
147,John Bailey,682-58-8383,227.636.9288x93174,deborahwalters@example.org,HtH-0673856,Male,2006-07-12,50,Arthritis,Save throughout subject that.,"Levothyroxine, Hydrochlorothiazide, Atorvastatin","{""WBC"": 5555.0, ""Hgb"": 14.6, ""Platelets"": 264.5, ""Glucose"": 137.2}",Shellfish,2026-02-05,Jillian Young,Full science community anything pressure history fall need its enough move name.,False
148,Melissa Campbell,883-71-0432,(896)269-3629,vjenkins@example.org,WYd-5615531,Male,2018-02-06,21,Diabetes,Pretty us create board toward history.,"Gabapentin, Atorvastatin, Metformin","{""WBC"": 7982.3, ""Hgb"": 12.6, ""Platelets"": 397.4, ""Glucose"": 84.0}",Penicillin,2025-12-29,Diane Davis,Believe test structure moment part trial system fly beyond many feeling.,True
149,Marco Holland,166-70-3313,238.636.4915x47465,christysloan@example.com,xfm-0820437,Other,1939-05-01,47,COPD,Ask modern pass consider long wide million.,Gabapentin,"{""WBC"": 9826.9, ""Hgb"": 15.2, ""Platelets"": 173.5, ""Glucose"": 133.5}",Shellfish,2025-09-26,Joshua Arellano,Name good station institution become finish analysis history shake story.,True
150,Jennifer Mccormick,101-13-9377,937.427.0150x94625,xfitzgerald@example.net,aRC-3634489,Other,1970-01-04,31,Hypothyroidism,Feeling rock around strong save.,"Amlodipine, Omeprazole, Simvastatin","{""WBC"": 10684.6, ""Hgb"": 14.0, ""Platelets"": 234.9, ""Glucose"": 124.9}",Peanuts,2025-10-23,Jennifer Pena,Bed section yourself through none support.,False
151,Matthew Mcconnell,074-12-5543,001-221-620-1715x52754,michael21@example.org,jTU-0394113,Male,1988-08-12,59,Asthma,Letter others nation for paper.,"Amlodipine, Atorvastatin","{""WBC"": 4904.6, ""Hgb"": 16.3, ""Platelets"": 358.7, ""Glucose"": 85.5}",Penicillin,2025-10-04,Sarah Reyes,Leg maybe various also edge civil professional court career student camera stay.,False
152,Heidi Nolan,667-72-9323,720-521-9707x090,vstafford@example.com,eKX-9165797,Male,1988-10-30,29,Asthma,Late itself citizen recognize lot draw.,Amlodipine,"{""WBC"": 5141.3, ""Hgb"": 13.6, ""Platelets"": 298.1, ""Glucose"": 77.6}",Penicillin,2025-10-20,Sandra Oneill,Early business why read east factor ok gas particularly good very author nor.,True
153,Jasmine Wilson,482-76-9046,648-276-6401,maryhouston@example.com,AXi-6783236,Male,1948-05-18,2,Asthma,Like such television foreign mission technology child.,Hydrochlorothiazide,"{""WBC"": 10701.8, ""Hgb"": 12.2, ""Platelets"": 273.9, ""Glucose"": 81.1}",None,2025-10-30,Jennifer Dean,Four yourself instead almost stand my evening miss.,False
154,Lauren Mitchell,711-59-1755,390-815-7426x086,cindychen@example.net,TMY-7317938,Other,2011-12-25,86,Anxiety,Road detail fall stuff order social director.,Omeprazole,"{""WBC"": 4645.3, ""Hgb"": 13.1, ""Platelets"": 338.8, ""Glucose"": 133.9}",Latex,2025-07-23,Rachel Shannon,Great do early born similar someone help feel student enter between skill.,False
155,Anthony Mullins,464-35-4233,4592552499,joshuawilliamson@example.net,AsJ-7491398,Female,1932-12-11,75,Migraine,Open represent choose piece nearly.,"Amlodipine, Levothyroxine, Atorvastatin","{""WBC"": 10045.4, ""Hgb"": 12.3, ""Platelets"": 253.0, ""Glucose"": 106.4}",Penicillin,2026-02-25,Gregory Neal,Nation for room walk get compare large debate figure.,True
156,Karen Mathews,449-65-9639,001-259-783-2174x9985,uarmstrong@example.org,anf-8294246,Other,1977-06-18,72,Hypothyroidism,Gas two tough popular.,"Lisinopril, Simvastatin, Gabapentin","{""WBC"": 5497.1, ""Hgb"": 13.1, ""Platelets"": 253.5, ""Glucose"": 109.0}",Penicillin,2025-12-14,Thomas Williams,Drug begin Democrat main reflect tree they report center bit near leg Mr.,True
157,Elizabeth Valencia,506-17-2978,001-460-396-8404x66778,ronald26@example.com,tJZ-5390858,Other,1930-03-29,9,Hypothyroidism,Nor then expect.,"Hydrochlorothiazide, Levothyroxine, Gabapentin","{""WBC"": 8277.5, ""Hgb"": 12.4, ""Platelets"": 280.3, ""Glucose"": 123.4}",None,2025-07-31,Danielle Mitchell,Central feel process knowledge government seek much compare opportunity by nature night image.,True
158,Teresa Hicks MD,783-62-2623,746.262.7683x222,alexandermario@example.com,uHD-5134312,Male,1956-06-08,40,Arthritis,How food first probably top.,"Albuterol, Atorvastatin, Simvastatin","{""WBC"": 6103.3, ""Hgb"": 13.8, ""Platelets"": 182.0, ""Glucose"": 117.5}",None,2025-10-09,Mark Shepherd,Seem great leader cold evidence look other word myself set also look heavy.,False
159,Alexander Payne,276-87-5044,+1-266-731-1459x1746,eric27@example.net,XTn-0394811,Female,2014-08-12,99,Hypothyroidism,Memory they institution guess society cost garden.,"Hydrochlorothiazide, Albuterol","{""WBC"": 9758.1, ""Hgb"": 17.5, ""Platelets"": 337.5, ""Glucose"": 108.5}",Latex,2026-02-05,Shannon Williams,Through month rock point mean create camera wrong cup traditional sell admit.,False
160,Michele King,146-86-2607,001-625-649-9861,bakermelanie@example.net,QfG-4069255,Female,2015-06-13,2,Migraine,Move family state current.,"Amlodipine, Atorvastatin","{""WBC"": 5693.4, ""Hgb"": 15.7, ""Platelets"": 166.5, ""Glucose"": 125.5}",Latex,2025-04-26,Nicholas Deleon,Action project nation green training particular shoulder family happen card dinner get sense.,True
161,Jon Parker II,672-10-0245,821.414.4469x70515,choward@example.net,KLD-7886813,Other,1929-08-25,36,Anxiety,Rather name past protect yard hand.,"Omeprazole, Albuterol, Atorvastatin","{""WBC"": 10310.1, ""Hgb"": 15.1, ""Platelets"": 150.1, ""Glucose"": 70.2}",Peanuts,2025-08-05,Brittany Dean,Window over identify language leader term decision.,True
162,Wendy Duffy,668-70-7984,001-231-653-4940x7495,ashleysullivan@example.com,ccu-3578590,Other,2006-09-21,30,Hypertension,Score matter issue house.,"Amlodipine, Atorvastatin","{""WBC"": 4755.3, ""Hgb"": 17.1, ""Platelets"": 197.9, ""Glucose"": 76.4}",Pollen,2025-11-12,Lauren Collins,Recently whole treat color share including test someone treatment.,False
163,Aaron Fields,368-70-8728,520-686-9949x69880,moorecourtney@example.org,bWl-1440858,Male,2024-07-17,71,Hypertension,Challenge let morning daughter.,"Gabapentin, Simvastatin, Metformin","{""WBC"": 4144.5, ""Hgb"": 14.9, ""Platelets"": 299.5, ""Glucose"": 94.3}",Latex,2025-04-27,Emily Patel,Girl mouth investment woman test rule often fine listen mind.,True
164,Daniel Glover,842-57-2999,276.724.1962x079,walkerdavid@example.org,jey-1566798,Other,1960-01-22,68,Hypothyroidism,Five town scientist.,"Gabapentin, Atorvastatin","{""WBC"": 6821.1, ""Hgb"": 13.4, ""Platelets"": 287.4, ""Glucose"": 93.3}",Penicillin,2026-02-05,Stephen Simpson,Crime cold edge might go national itself person hotel really bit account.,True
165,Charles Smith,266-57-6536,386.949.5689x28132,mariabowen@example.org,xul-1924200,Other,2004-09-17,93,Obesity,Strong speech chance in explain.,"Atorvastatin, Lisinopril","{""WBC"": 4183.5, ""Hgb"": 13.8, ""Platelets"": 361.8, ""Glucose"": 127.7}",Latex,2025-08-14,Tonya York,Throw yeah realize again sense plan hotel green establish win either.,True
166,Lori Smith,629-58-3951,610.712.3660x9808,mario99@example.org,Mwp-9988205,Female,1946-10-11,19,Asthma,Clear music gas budget end.,"Hydrochlorothiazide, Atorvastatin, Albuterol","{""WBC"": 5594.8, ""Hgb"": 15.3, ""Platelets"": 322.3, ""Glucose"": 80.7}",Pollen,2025-08-11,Donald Lara,Represent war fire off attorney my one daughter check teach.,False
167,James Scott,131-78-7856,572-456-4467,wellslisa@example.com,zAq-3956051,Male,1986-09-23,9,Migraine,Our seem response time size continue.,"Levothyroxine, Metformin, Gabapentin","{""WBC"": 10717.3, ""Hgb"": 15.3, ""Platelets"": 226.2, ""Glucose"": 107.3}",Peanuts,2025-05-03,Ryan Stone,Power film source magazine you none commercial.,True
168,Judy Matthews,744-70-0471,(301)853-5250x5134,joe92@example.org,oku-7760910,Female,1971-08-28,51,Asthma,Dark apply region walk candidate indicate arm.,"Gabapentin, Atorvastatin","{""WBC"": 9081.7, ""Hgb"": 16.3, ""Platelets"": 231.3, ""Glucose"": 129.3}",Shellfish,2025-08-07,Eric Washington,Time instead security learn peace garden simple few experience star.,False
169,Dawn Lopez,830-62-2245,(482)878-4337x38215,wrightandrew@example.net,drL-7437476,Female,1948-01-17,87,COPD,Cold water it piece now hot show.,Atorvastatin,"{""WBC"": 10538.1, ""Hgb"": 15.1, ""Platelets"": 367.9, ""Glucose"": 94.9}",None,2026-02-09,Ryan French,For film condition health marriage road group market task level vote build view.,False
170,Patricia Gutierrez,498-44-4995,353-805-8005,caitlin37@example.com,zZB-0684135,Other,2000-03-22,37,Arthritis,Tough tonight difficult through mission same debate right.,"Hydrochlorothiazide, Amlodipine, Metformin","{""WBC"": 8478.4, ""Hgb"": 15.2, ""Platelets"": 170.7, ""Glucose"": 76.0}",Shellfish,2025-08-03,Gwendolyn Smith,Realize since reflect necessary anyone continue player concern prevent within condition long.,False
171,Michael Velasquez,654-44-2741,+1-607-597-1380,waltonantonio@example.com,Irl-5957673,Male,1946-11-03,83,Anxiety,Reduce task wide street bed father.,Lisinopril,"{""WBC"": 7518.9, ""Hgb"": 14.1, ""Platelets"": 206.7, ""Glucose"": 76.7}",Shellfish,2025-05-13,David Hines,Whom high pull first catch business former house.,False
172,Paul Taylor,583-71-8364,001-964-601-4673x08740,xclark@example.net,FjD-6394225,Male,1955-03-08,89,Diabetes,Possible free line many sing possible left.,"Lisinopril, Levothyroxine, Simvastatin","{""WBC"": 10590.6, ""Hgb"": 12.7, ""Platelets"": 277.9, ""Glucose"": 75.4}",Penicillin,2026-01-02,Randy Coleman,Listen receive history its per despite commercial language fight which whose big four.,False
173,Matthew Stanley,294-98-3210,235-333-1153x737,bmosley@example.org,Wqi-5872641,Male,1964-03-15,3,Hypertension,Similar conference administration only strong cup.,"Atorvastatin, Levothyroxine","{""WBC"": 8416.5, ""Hgb"": 13.4, ""Platelets"": 180.1, ""Glucose"": 99.6}",None,2025-04-17,Amber Scott,Sort couple capital charge send son culture debate its wall church.,True
174,Daniel Allen,416-96-2928,477.508.0545x7995,carteradriana@example.org,xhm-3588581,Male,1970-12-08,26,Anxiety,Person film consumer home debate tree soldier raise.,Metformin,"{""WBC"": 4163.5, ""Hgb"": 12.1, ""Platelets"": 391.4, ""Glucose"": 109.9}",Shellfish,2025-05-30,Raymond Moore,Bar write address fast within agent.,False
175,Tyler Ortiz,333-75-6529,701-997-1112x5674,fosterryan@example.net,jos-2336254,Female,1968-10-10,24,Hypothyroidism,Themselves allow front draw yes deep expert avoid.,"Amlodipine, Lisinopril","{""WBC"": 9258.8, ""Hgb"": 16.4, ""Platelets"": 178.8, ""Glucose"": 122.9}",None,2025-03-10,Kristy Miller,Traditional executive reason lay world fine billion relationship like central whatever feel.,False
176,John Adams,292-36-5034,959.476.9783x81863,rachelmoore@example.com,JHb-0702150,Other,2020-03-28,19,COPD,Decision travel build.,"Albuterol, Lisinopril","{""WBC"": 5735.5, ""Hgb"": 14.5, ""Platelets"": 249.9, ""Glucose"": 116.1}",None,2025-04-11,Richard Lopez,Brother decision tax southern protect new back service situation TV might raise national.,False
177,Mark Lopez,787-67-5090,001-263-354-0554x7546,caldwelljohn@example.org,obT-1485677,Other,2012-08-05,80,Migraine,Property surface medical middle national religious choice.,"Levothyroxine, Metformin","{""WBC"": 10766.4, ""Hgb"": 14.4, ""Platelets"": 372.5, ""Glucose"": 135.6}",Latex,2025-05-27,Cathy Rogers,Stage evening beyond feeling sport quality agency country table conference.,True
178,Christina Burns,619-09-7934,8584683487,ericyoung@example.net,FdH-2154460,Other,1971-06-30,37,Depression,Could personal per collection wonder work question.,Simvastatin,"{""WBC"": 5806.7, ""Hgb"": 12.0, ""Platelets"": 361.9, ""Glucose"": 104.1}",Penicillin,2025-05-13,Justin Warren,Personal project turn remember current memory different high recent instead this heavy.,False
179,Nathan Saunders,793-31-7185,001-780-404-2891x5364,rlane@example.net,Aws-3640160,Other,1926-02-23,81,Hypertension,Which whose with day.,"Hydrochlorothiazide, Amlodipine","{""WBC"": 4974.7, ""Hgb"": 12.0, ""Platelets"": 333.9, ""Glucose"": 128.6}",Penicillin,2025-06-18,Sonya Smith,Listen history recently model success one there Mrs woman stop.,True
180,Meredith Wilkinson,464-40-0169,229.371.4604x84442,cathygarrett@example.org,BVB-6043435,Male,1937-05-31,46,Obesity,Tonight perform court speak add school know.,"Albuterol, Hydrochlorothiazide","{""WBC"": 10591.8, ""Hgb"": 12.7, ""Platelets"": 162.4, ""Glucose"": 80.5}",Peanuts,2025-10-13,Ann Coleman,Reason however low hope trouble car.,True
181,Karen Savage,334-62-4671,001-486-247-0961,richardrobinson@example.net,Iom-3521107,Other,1933-08-24,3,Hypertension,Perform plan room suffer mother perhaps.,"Atorvastatin, Metformin, Levothyroxine","{""WBC"": 5725.5, ""Hgb"": 13.2, ""Platelets"": 282.7, ""Glucose"": 124.0}",Penicillin,2025-07-17,George Ruiz,Republican trouble avoid according suffer operation.,True
182,Cheryl Williams,184-12-5661,642-627-2456,mannjohn@example.com,TiN-9185057,Male,1968-10-22,97,Depression,Quickly along himself type.,Amlodipine,"{""WBC"": 8040.8, ""Hgb"": 13.8, ""Platelets"": 264.9, ""Glucose"": 96.9}",Latex,2025-04-26,Michael Bradley,Interesting talk partner work picture go kitchen.,False
183,Heather Moore,495-35-0229,(923)784-8130,paul48@example.net,dRh-0646580,Other,2018-02-01,99,Hypertension,Space ago five grow right myself.,"Hydrochlorothiazide, Omeprazole","{""WBC"": 7922.2, ""Hgb"": 16.2, ""Platelets"": 301.2, ""Glucose"": 122.0}",None,2025-09-14,James Stokes,Finish life concern piece author different either newspaper.,False
184,Thomas Lewis,396-93-8969,887-403-5427,ltate@example.org,Ago-7036976,Male,1932-12-29,74,COPD,Star arrive raise night wonder represent along.,"Amlodipine, Lisinopril, Atorvastatin","{""WBC"": 7108.4, ""Hgb"": 15.7, ""Platelets"": 220.5, ""Glucose"": 136.3}",None,2026-01-11,Natalie Barnes,Military cold image blood after hope girl indicate study.,False
185,Lauren Wallace,084-83-4700,840.218.2590x7251,bobenglish@example.org,cts-1986062,Other,1983-08-22,51,Obesity,Campaign short message support white.,"Gabapentin, Lisinopril","{""WBC"": 8660.9, ""Hgb"": 12.4, ""Platelets"": 297.4, ""Glucose"": 130.4}",Penicillin,2025-04-14,Matthew Marsh,Whether far success second all fire result health house similar will still pass.,False
186,Darrell Burke,157-04-5170,458.711.7306,kellytate@example.net,QNY-0265782,Other,1983-08-19,41,Obesity,Inside knowledge them second exist nice article.,Atorvastatin,"{""WBC"": 7591.0, ""Hgb"": 13.9, ""Platelets"": 215.5, ""Glucose"": 93.4}",Latex,2025-12-23,Brandon Brown,Myself finally this discussion again stage factor business me light hold without.,False
187,Amy Huff,037-99-8313,(846)246-5243,larryking@example.net,Ims-1813968,Female,2025-02-17,96,Migraine,Or career past always step speak project.,Levothyroxine,"{""WBC"": 7854.9, ""Hgb"": 13.7, ""Platelets"": 328.7, ""Glucose"": 122.3}",Shellfish,2026-01-04,Danielle Obrien,Six reason I still scientist interview name up for court.,False
188,Stephen Clark,480-63-6434,737.330.8101x401,ooneal@example.net,UNK-8677454,Other,1957-04-21,53,Migraine,Speech record win beat coach son.,Levothyroxine,"{""WBC"": 6710.4, ""Hgb"": 12.1, ""Platelets"": 175.7, ""Glucose"": 95.7}",Latex,2025-04-28,Sarah Campbell,Interview late traditional card know environment from black need.,False
189,Wanda Andrews,244-68-6132,+1-806-487-1520,katiejones@example.net,VLW-6701546,Other,2013-12-09,56,Depression,Begin edge central red.,"Metformin, Atorvastatin, Lisinopril","{""WBC"": 6679.5, ""Hgb"": 12.9, ""Platelets"": 232.6, ""Glucose"": 114.6}",Peanuts,2025-07-21,Michelle Cochran,Address forget establish six response truth week believe radio business out since.,False
190,Caitlin Romero,328-54-2252,894.767.1910x4921,bowersashley@example.com,KgF-0945172,Female,1962-08-23,86,Diabetes,Officer father represent first seem.,Simvastatin,"{""WBC"": 6795.1, ""Hgb"": 13.6, ""Platelets"": 384.0, ""Glucose"": 133.0}",Latex,2025-08-21,Allison Zavala,Reduce right similar sure figure represent despite describe two land.,True
191,Katherine Long,387-21-7631,581-500-9148,steven56@example.net,Qwf-4237717,Male,1950-08-14,29,Migraine,Pull firm measure.,"Levothyroxine, Atorvastatin","{""WBC"": 5465.8, ""Hgb"": 13.9, ""Platelets"": 380.6, ""Glucose"": 135.0}",Peanuts,2025-09-30,Mary Ross,Buy take save along alone difficult way tend move rise politics management live.,True
192,Shawn Tanner,092-98-7457,+1-324-897-1148x10559,joshuadalton@example.org,deQ-0959894,Female,1930-08-02,67,Anxiety,Change truth risk small policy kind.,"Metformin, Gabapentin","{""WBC"": 5318.7, ""Hgb"": 13.9, ""Platelets"": 323.1, ""Glucose"": 138.8}",Shellfish,2025-10-13,Randy Smith,Onto east rock this animal same mention others idea.,True
193,Crystal Stout,587-12-3364,255.682.8634,fhenry@example.org,aVl-5875838,Other,1930-06-18,31,COPD,Concern take tell than prepare nature third.,Omeprazole,"{""WBC"": 10673.9, ""Hgb"": 15.6, ""Platelets"": 248.2, ""Glucose"": 86.7}",Pollen,2025-11-10,Travis Thompson,Form pattern opportunity charge sometimes ever what smile apply fire each purpose.,False
194,Timothy Brown,099-78-1726,+1-295-471-3492x4792,epatel@example.net,Tqr-9162824,Other,1957-10-11,41,COPD,Performance shake leave art.,"Levothyroxine, Omeprazole, Albuterol","{""WBC"": 7079.9, ""Hgb"": 13.6, ""Platelets"": 359.5, ""Glucose"": 83.6}",Pollen,2025-07-19,Cathy Brown,Hope Democrat wide per station sort community rock become behind well.,True
195,Edward Shaffer,012-37-5372,(921)402-9112x119,denise37@example.net,ZYO-7911459,Other,1926-09-22,60,Obesity,Off their quickly throw in hair natural.,"Albuterol, Gabapentin, Lisinopril","{""WBC"": 5577.6, ""Hgb"": 14.5, ""Platelets"": 385.1, ""Glucose"": 77.8}",Penicillin,2025-07-03,Tracey Howell,Power economy machine opportunity former respond decade.,True
196,George Hancock,769-21-6502,(746)511-4236,hunter62@example.net,Bbh-1150996,Male,1989-02-09,71,Arthritis,Eye party resource.,"Albuterol, Atorvastatin, Gabapentin","{""WBC"": 4688.2, ""Hgb"": 12.7, ""Platelets"": 288.5, ""Glucose"": 70.8}",Penicillin,2026-01-08,James Hunt,Medical Mrs sea exactly include ahead able add challenge throughout toward resource entire.,True
197,Cameron Ramirez,762-05-4571,551.793.8587x249,michael57@example.org,FNF-6659188,Male,1963-12-07,76,Obesity,Rule strong particular order heavy.,"Atorvastatin, Amlodipine","{""WBC"": 10269.7, ""Hgb"": 17.1, ""Platelets"": 283.3, ""Glucose"": 112.2}",None,2025-11-16,Jill Dawson,Song president continue news notice girl be poor anything person recently.,True
198,Morgan Livingston,767-40-2416,(400)967-4588,cynthia79@example.org,Yiu-9064632,Male,1959-04-09,53,Hypothyroidism,Show middle build necessary growth.,"Lisinopril, Metformin","{""WBC"": 7562.6, ""Hgb"": 13.7, ""Platelets"": 364.3, ""Glucose"": 113.3}",Latex,2025-04-11,Cheryl Ware,Crime course short political policy expect adult big.,True
199,Christine Shannon,335-95-1446,284-511-4255x819,robertclayton@example.org,Xwf-6918184,Other,2025-12-11,8,Obesity,Family anyone part act fall whether attack character.,"Simvastatin, Atorvastatin, Metformin","{""WBC"": 9302.3, ""Hgb"": 13.6, ""Platelets"": 376.7, ""Glucose"": 124.4}",Peanuts,2026-01-11,Tammy Castillo,Actually director father company system themselves possible recognize happy country since those both.,False
200,Lauren Villanueva,185-69-9481,+1-924-972-0791x34927,ngutierrez@example.com,SZN-6735098,Other,1992-09-17,29,Anxiety,Magazine even prepare deep left.,Levothyroxine,"{""WBC"": 10670.7, ""Hgb"": 16.6, ""Platelets"": 314.9, ""Glucose"": 80.8}",Penicillin,2025-10-25,Tammy Terrell,Food together someone place partner second.,True
201,Danielle Vargas,574-77-6428,(331)263-8315x17998,suttongary@example.net,QFo-2562735,Male,1946-02-17,92,Hypertension,Society necessary care.,"Atorvastatin, Lisinopril, Gabapentin","{""WBC"": 4517.8, ""Hgb"": 14.3, ""Platelets"": 381.7, ""Glucose"": 122.0}",Latex,2025-05-23,Carmen Ford,Couple feeling analysis help design choice according like.,False
202,Grant Robinson,694-65-5266,(945)547-0527,sdavenport@example.com,Nrv-4401884,Other,1937-10-29,23,Depression,Door well your skill.,Hydrochlorothiazide,"{""WBC"": 7512.6, ""Hgb"": 15.4, ""Platelets"": 343.0, ""Glucose"": 98.4}",Latex,2025-03-24,Alice Smith,Campaign wife especially true central apply ask pay bring ability detail first television.,False
203,Natalie Hansen,254-30-5765,+1-984-731-9263,marshallalvin@example.com,snC-2554464,Female,2013-08-07,57,Asthma,Which do card your hundred.,"Simvastatin, Hydrochlorothiazide, Amlodipine","{""WBC"": 7768.6, ""Hgb"": 15.1, ""Platelets"": 153.1, ""Glucose"": 81.2}",Latex,2025-05-18,Patricia Moore,Image great among down some view.,False
204,Stephen Cruz,248-64-0115,(458)870-8848x6050,shannonjohnson@example.com,aFH-4533972,Male,2005-01-25,46,Obesity,Before artist lawyer join subject me.,"Amlodipine, Albuterol","{""WBC"": 7242.9, ""Hgb"": 16.2, ""Platelets"": 344.7, ""Glucose"": 72.6}",Shellfish,2025-04-08,Jennifer Stark,Indicate result candidate left federal single benefit government consider.,False
205,Timothy Potter,010-25-0307,(915)887-5245x380,mgarcia@example.org,wGM-2710872,Male,1979-05-09,42,Asthma,Every have management no issue.,"Hydrochlorothiazide, Metformin, Simvastatin","{""WBC"": 6743.2, ""Hgb"": 17.0, ""Platelets"": 370.5, ""Glucose"": 70.5}",Peanuts,2025-11-08,Kyle Lynch,Teacher energy remember spring close enough push nice involve term.,False
206,Shannon Snyder,514-95-0249,+1-227-690-0169x53989,ana00@example.com,ubg-5711472,Other,1949-10-01,5,Depression,Few exactly agency born budget.,Levothyroxine,"{""WBC"": 8225.3, ""Hgb"": 15.0, ""Platelets"": 160.3, ""Glucose"": 98.1}",Latex,2025-07-12,Dennis Jones,May mean week admit activity Mr computer must.,False
207,Dawn Anderson,261-96-0226,346.617.2473,robert01@example.org,Nos-1936281,Female,2015-12-15,56,Hypothyroidism,Personal investment the another citizen.,Gabapentin,"{""WBC"": 7201.8, ""Hgb"": 15.2, ""Platelets"": 342.4, ""Glucose"": 118.8}",Latex,2025-09-14,Deborah Dean,Quickly party language threat power good too.,False
208,Stacy Fernandez,341-36-7422,(278)921-1612,andradejonathan@example.com,Lvn-4842880,Other,1964-06-27,60,COPD,Improve call board certainly.,Atorvastatin,"{""WBC"": 5713.7, ""Hgb"": 12.4, ""Platelets"": 344.9, ""Glucose"": 123.3}",None,2025-09-11,Deanna Jones,Story author Republican focus same second environment lot every position owner.,True
209,Jermaine Alvarez,536-65-0387,+1-964-269-9252x3221,kdavis@example.com,imh-7495629,Male,2008-10-17,94,Anxiety,Move adult debate light tonight young.,Omeprazole,"{""WBC"": 7655.5, ""Hgb"": 16.6, ""Platelets"": 246.6, ""Glucose"": 100.8}",Penicillin,2025-09-16,Jill Fritz,Local program try measure gas into friend record hard.,True
210,Katie Mccann,396-63-9331,584.582.7147x3640,greyes@example.net,QCK-4390737,Male,2006-10-31,5,Anxiety,Conference you fine center technology investment brother.,"Simvastatin, Levothyroxine","{""WBC"": 5649.8, ""Hgb"": 14.3, ""Platelets"": 217.9, ""Glucose"": 71.0}",Shellfish,2025-12-09,Kurt Bailey,Over very which interest agent performance baby each enjoy first.,True
211,Jon Hamilton,392-67-0340,576-971-8282x94505,weaversteven@example.org,QFY-2432120,Male,1948-04-13,4,COPD,Capital difference expect small.,Simvastatin,"{""WBC"": 4539.9, ""Hgb"": 16.8, ""Platelets"": 153.9, ""Glucose"": 127.0}",Latex,2025-03-12,Rose Scott,Start boy image score around reflect environment field court member girl.,False
212,Taylor Wallace,113-30-3187,682.708.6117,peter87@example.com,EUl-3383821,Other,2016-10-10,91,Migraine,Example eat forward police but specific your.,"Metformin, Gabapentin","{""WBC"": 6258.6, ""Hgb"": 12.7, ""Platelets"": 341.5, ""Glucose"": 108.4}",Penicillin,2025-04-05,Amanda Turner,Believe option while reflect business collection even support I both growth seek book.,True
213,Joshua Lewis,595-04-6709,261.889.5954,kristenmorris@example.org,RVV-5194388,Male,1984-06-21,99,Migraine,Realize per forget lead glass card use.,Gabapentin,"{""WBC"": 10512.8, ""Hgb"": 14.5, ""Platelets"": 342.8, ""Glucose"": 97.2}",Latex,2025-03-04,Erica Castillo DVM,Police federal each second never assume song human blue.,False
214,Martin Farley,161-91-4447,764-309-2549,drew67@example.net,qvq-7909527,Female,1962-04-05,37,Hypothyroidism,College figure effect friend.,"Omeprazole, Gabapentin, Metformin","{""WBC"": 7176.0, ""Hgb"": 12.6, ""Platelets"": 151.0, ""Glucose"": 77.2}",Peanuts,2025-08-28,Evan Thomas,Room fly agree Congress tend sit rise.,True
215,Derek Lee,804-79-8190,001-211-401-8530x85848,nmora@example.com,zya-6795096,Other,1956-01-12,93,Asthma,Movement relate large where.,Simvastatin,"{""WBC"": 10772.6, ""Hgb"": 13.0, ""Platelets"": 319.7, ""Glucose"": 94.2}",Peanuts,2025-11-29,Phillip Walsh,Plant who region part article half quite cell.,True
216,Laurie Torres,206-45-4730,535.308.4630,jennifermiller@example.net,Pcf-5629654,Male,2002-04-09,62,Arthritis,Speak could its rock by.,"Omeprazole, Hydrochlorothiazide","{""WBC"": 5453.3, ""Hgb"": 17.1, ""Platelets"": 186.9, ""Glucose"": 103.9}",Pollen,2026-01-12,Jay Patterson,Protect week travel pick class discover.,False
217,Dennis Robinson,058-33-4828,8839662451,rholmes@example.net,hoK-1675016,Other,1962-10-10,97,Migraine,Job stock police grow give future.,Levothyroxine,"{""WBC"": 4501.9, ""Hgb"": 15.6, ""Platelets"": 212.9, ""Glucose"": 88.9}",Penicillin,2025-10-11,Tonya Clark,Own according player skin lot toward.,True
218,Dana Osborne,224-11-1767,(668)284-3574x86054,hevans@example.net,bqi-7082345,Male,1957-10-23,66,Migraine,Commercial try another themselves.,Lisinopril,"{""WBC"": 6773.5, ""Hgb"": 16.0, ""Platelets"": 235.4, ""Glucose"": 114.0}",None,2025-11-13,Jacob Russo,Eight how might good news son suffer watch.,True
219,Nicole Morrison,052-62-2546,952.886.0870,yhodge@example.com,QWX-6001296,Female,1948-04-02,96,Diabetes,Size raise allow thousand talk popular.,"Metformin, Hydrochlorothiazide, Levothyroxine","{""WBC"": 7108.0, ""Hgb"": 12.4, ""Platelets"": 375.7, ""Glucose"": 126.8}",Penicillin,2025-08-11,Kimberly Jackson,Without up body perform offer identify treat.,False
220,Emily Hancock,700-20-2027,(287)775-3912,mendozaalyssa@example.org,RAo-0959232,Male,1998-05-01,18,Depression,Attack east direction by win service financial.,"Omeprazole, Hydrochlorothiazide, Amlodipine","{""WBC"": 7961.4, ""Hgb"": 15.5, ""Platelets"": 202.7, ""Glucose"": 90.5}",None,2025-05-02,Deborah Gonzalez,Camera tend why enjoy what win mention quite long finally fear.,True
221,Brooke Lee,615-61-2744,001-508-275-8721,sandra36@example.com,TnK-0131033,Male,1929-07-15,29,Asthma,Skill product account long interesting else.,"Omeprazole, Hydrochlorothiazide","{""WBC"": 6745.4, ""Hgb"": 16.1, ""Platelets"": 299.5, ""Glucose"": 131.9}",Penicillin,2026-02-12,James Perez,Door main company benefit treatment keep one Congress west year fill.,True
222,Kelly Cruz,356-92-6368,268.463.3871,nicholas61@example.net,FEd-5000030,Other,1962-05-14,43,Obesity,Rate for pass certain space movie stage.,"Amlodipine, Omeprazole","{""WBC"": 5472.2, ""Hgb"": 14.7, ""Platelets"": 163.0, ""Glucose"": 85.1}",Shellfish,2025-09-06,Jeffrey Macdonald,Store firm physical human song fine rule consumer ball discuss.,False
223,Sandra Hughes,250-31-7078,001-692-734-0918x210,richardrollins@example.net,uAu-6471877,Female,2004-09-14,6,Asthma,Choose kind learn woman expert.,Hydrochlorothiazide,"{""WBC"": 10759.4, ""Hgb"": 14.4, ""Platelets"": 278.6, ""Glucose"": 101.9}",Latex,2025-09-05,Shane Delacruz,Suddenly begin develop be rather thank late best TV.,False
224,Reginald Herrera,489-91-3201,811-791-5441x7647,paulfarmer@example.org,qSW-6688453,Other,1934-01-30,55,Hypothyroidism,Official power Mr relationship event.,Atorvastatin,"{""WBC"": 8245.5, ""Hgb"": 13.0, ""Platelets"": 324.1, ""Glucose"": 126.7}",Peanuts,2025-07-18,Luis Horton,Step ready deep watch article approach board too likely decide white reflect.,True
225,Kaitlin Robbins,136-65-0608,(215)550-4293,haneyoscar@example.net,IFp-9840890,Other,1963-04-13,83,Migraine,Lose soldier news system see idea road.,"Metformin, Gabapentin","{""WBC"": 8800.4, ""Hgb"": 13.6, ""Platelets"": 278.0, ""Glucose"": 132.1}",Peanuts,2025-07-06,Lisa Barker,Drug could speech think while past.,False
226,Kayla Davis,085-23-3334,001-985-800-0018x5956,anthonydyer@example.net,oIk-5644796,Male,1948-04-24,55,COPD,Who respond imagine kind his whose lose.,"Lisinopril, Metformin, Simvastatin","{""WBC"": 5687.7, ""Hgb"": 17.4, ""Platelets"": 159.2, ""Glucose"": 118.1}",Peanuts,2025-08-11,Larry Lopez,Hear step affect pick himself conference simply listen stage certainly official treatment.,True
227,David Edwards,746-91-7788,(500)836-6569,andersondana@example.net,gLT-3993855,Other,1972-09-14,97,Depression,Under current something minute lead born keep.,Levothyroxine,"{""WBC"": 6002.9, ""Hgb"": 13.2, ""Platelets"": 282.2, ""Glucose"": 121.6}",Pollen,2025-08-26,Julie Lee,Scientist until employee provide seat say how your hit medical for wall year.,True
228,Jeffrey Crawford,805-04-0935,854-933-0468x9012,davidschmitt@example.net,uuB-4491133,Male,2006-08-25,88,Hypothyroidism,Speech role type why cup explain pattern.,"Atorvastatin, Albuterol","{""WBC"": 8018.5, ""Hgb"": 16.7, ""Platelets"": 233.9, ""Glucose"": 77.5}",Pollen,2025-08-28,William Robinson,Rate able rule inside member eat.,False
229,Derek Bass,258-03-1039,3557241760,kelliclark@example.net,PSi-5538045,Female,1942-01-09,24,Hypothyroidism,Police task reach national current.,"Levothyroxine, Atorvastatin, Simvastatin","{""WBC"": 9644.1, ""Hgb"": 15.5, ""Platelets"": 189.1, ""Glucose"": 90.9}",Pollen,2025-06-05,Michael Kidd,Girl will history rather apply always center social body along allow.,False
230,Jackie Hamilton,193-28-8225,+1-708-650-8833x1872,harold43@example.org,lCR-0060865,Female,1971-05-05,66,Diabetes,Risk team reality.,Lisinopril,"{""WBC"": 9881.6, ""Hgb"": 13.7, ""Platelets"": 230.2, ""Glucose"": 93.0}",Pollen,2025-09-11,Kristin Johnson,International wrong value ask deep even win support majority theory.,False
231,Martin Short,241-85-5817,498.860.0244,amber40@example.net,trW-3210918,Other,1988-10-30,22,Hypertension,What deal agent leader mission add investment.,Albuterol,"{""WBC"": 10864.8, ""Hgb"": 13.2, ""Platelets"": 348.2, ""Glucose"": 90.4}",Shellfish,2025-07-13,Christopher Hebert,Order history already bed ball single never under production trouble a operation.,False
232,Thomas Hogan,799-04-0778,6747367328,zmitchell@example.org,kMP-7506264,Male,1926-11-08,57,COPD,Our free full gas hair seven.,Hydrochlorothiazide,"{""WBC"": 5172.6, ""Hgb"": 12.1, ""Platelets"": 274.7, ""Glucose"": 127.0}",Shellfish,2026-02-26,Lisa Saunders,Show note skill artist nearly almost raise Republican little expert father.,False
233,Shawn Monroe,536-86-7587,(951)275-2300x6947,mperkins@example.com,wlV-0231271,Male,1984-02-06,49,Anxiety,Cell full dream time score.,"Metformin, Gabapentin, Atorvastatin","{""WBC"": 6384.2, ""Hgb"": 14.0, ""Platelets"": 320.0, ""Glucose"": 87.3}",Pollen,2026-01-26,Sarah Snyder,Care value development themselves hair else coach.,True
234,Zachary Murphy,556-01-8983,310.341.1364x46615,tmiller@example.net,ZuR-0415091,Male,2016-09-03,49,Arthritis,Positive stand level oil than market offer her.,Hydrochlorothiazide,"{""WBC"": 8674.1, ""Hgb"": 16.7, ""Platelets"": 396.5, ""Glucose"": 131.7}",Latex,2025-11-24,Gregory Wang,Section trouble store thus physical everyone only.,True
235,Calvin Robinson,591-18-8585,001-914-732-0866x52884,iprice@example.com,TMK-1231370,Other,1944-12-14,11,Anxiety,Do condition high fall audience must themselves.,"Amlodipine, Hydrochlorothiazide, Levothyroxine","{""WBC"": 7118.6, ""Hgb"": 13.0, ""Platelets"": 211.4, ""Glucose"": 101.9}",Latex,2025-07-06,Deborah Sutton,Financial positive high baby friend statement.,False
236,Derek Gregory,076-35-6956,001-319-350-3755,jennadaugherty@example.org,TCP-2845971,Male,2005-02-03,44,Depression,Bit fine find election statement certain wait task.,"Albuterol, Omeprazole, Simvastatin","{""WBC"": 6387.3, ""Hgb"": 14.4, ""Platelets"": 215.0, ""Glucose"": 108.0}",Penicillin,2025-05-02,Ashley Figueroa,Without sign buy different shoulder section that sit wind.,False
237,Brian Vang,809-91-6168,365.558.7071x2559,penningtonnicole@example.net,VEZ-7649948,Male,2020-08-09,30,Asthma,Stage age sea large local.,"Levothyroxine, Lisinopril, Omeprazole","{""WBC"": 4588.3, ""Hgb"": 13.4, ""Platelets"": 166.8, ""Glucose"": 110.5}",Pollen,2025-08-30,Lauren Wright,Pattern occur tell wait head grow budget fear collection newspaper forward spring successful.,True
238,Lisa Thomas,849-07-5574,919-792-0331x82948,jacob93@example.net,crS-1274879,Female,2003-09-30,75,Depression,Republican couple large feeling laugh common.,"Atorvastatin, Amlodipine","{""WBC"": 7204.1, ""Hgb"": 17.3, ""Platelets"": 338.3, ""Glucose"": 124.2}",Peanuts,2026-02-22,Dr. Lindsey Hansen,Skill create stay wish employee under.,True
239,Betty Snow,369-72-7506,001-836-669-9060,melissataylor@example.com,bBN-0255223,Male,1998-09-07,32,Depression,Seven provide law manager bank carry federal.,"Atorvastatin, Lisinopril","{""WBC"": 7385.6, ""Hgb"": 17.2, ""Platelets"": 181.1, ""Glucose"": 100.0}",Penicillin,2025-12-06,Tracy Thomas,Debate soon investment level evening network pick whole money else idea necessary maintain.,True
240,Paula Montgomery,884-56-8216,(845)912-4336,pamelahardy@example.com,hld-0399330,Male,1959-05-07,64,COPD,Order throw partner mission.,Omeprazole,"{""WBC"": 9158.0, ""Hgb"": 16.4, ""Platelets"": 324.3, ""Glucose"": 139.2}",Peanuts,2026-01-12,Alexis Lopez,Worry agreement reach up wonder especially hope final give specific lay land wonder.,False
241,Jerome Fox,743-55-9267,202-672-6879,ogonzalez@example.com,nOX-6173195,Female,1967-01-16,51,Hypertension,Expert brother join wind impact.,"Amlodipine, Metformin","{""WBC"": 5262.9, ""Hgb"": 13.9, ""Platelets"": 301.9, ""Glucose"": 113.7}",None,2025-06-20,Curtis Turner,Arm surface same agree whom per keep worry beyond many way animal.,False
242,Lisa Fritz,763-24-3618,3034176795,mindyjones@example.net,tGK-5359376,Other,2023-04-02,52,Anxiety,Pass their break sing top.,"Albuterol, Amlodipine, Hydrochlorothiazide","{""WBC"": 6493.8, ""Hgb"": 13.4, ""Platelets"": 250.8, ""Glucose"": 95.7}",Pollen,2025-08-21,Austin Smith,Thousand interesting eight ever east prove hair recent.,True
243,Anthony Henderson,258-41-2117,+1-245-430-7833,ryan22@example.com,fXh-2125333,Female,1961-08-28,100,COPD,Affect design evidence kid.,"Amlodipine, Atorvastatin, Hydrochlorothiazide","{""WBC"": 9464.3, ""Hgb"": 13.4, ""Platelets"": 168.4, ""Glucose"": 125.2}",Latex,2025-09-19,Steven Fox,Simple off concern writer fall consumer quality agent method mean course.,True
244,Mark Berry,411-75-8727,001-528-935-6550,xcarey@example.net,DYK-3012742,Female,1966-11-10,92,Hypertension,Two lot camera get.,Levothyroxine,"{""WBC"": 6371.2, ""Hgb"": 17.1, ""Platelets"": 270.6, ""Glucose"": 125.5}",Latex,2025-06-05,Ashley Cooper,Ask recently fine language set common our few.,True
245,Benjamin Medina,625-78-4516,356.596.8742x549,martinclinton@example.com,cTm-7392764,Male,2000-10-18,40,Depression,Teacher house else form least arrive.,"Gabapentin, Amlodipine","{""WBC"": 9143.7, ""Hgb"": 14.9, ""Platelets"": 174.0, ""Glucose"": 121.1}",Latex,2025-06-04,Melissa Kelly,Oil available figure challenge fill common today trade rise approach.,False
246,Katelyn Davidson,765-03-7692,259.651.8310x29924,jamie73@example.net,oAY-1079493,Other,1969-09-10,87,Hypertension,Enough politics outside even agreement occur benefit.,Atorvastatin,"{""WBC"": 9569.8, ""Hgb"": 16.0, ""Platelets"": 290.9, ""Glucose"": 96.7}",Peanuts,2025-10-08,Amy Clark,Around sing manager hundred happen explain.,False
247,Kayla Johnson,154-88-3000,726-357-2577x30675,kimberly05@example.net,Mnt-7517645,Other,1929-08-30,94,Diabetes,Industry main computer own.,"Omeprazole, Simvastatin","{""WBC"": 8074.7, ""Hgb"": 14.0, ""Platelets"": 285.9, ""Glucose"": 105.9}",Shellfish,2025-03-27,Jacqueline Cook,Modern inside type great ago pass close.,True
248,Daniel Jones,649-26-5465,001-391-303-4923x028,gregory87@example.net,Prd-1765880,Male,1981-07-27,89,Migraine,Effect food even stay town.,Hydrochlorothiazide,"{""WBC"": 5477.9, ""Hgb"": 12.2, ""Platelets"": 318.7, ""Glucose"": 128.5}",Pollen,2025-07-18,Gregory Hester,Everything late manager practice exist evidence.,True
249,Margaret Edwards,763-63-1901,8363858861,fkelley@example.net,glk-3654554,Other,1949-10-04,22,Arthritis,Administration if meet.,"Amlodipine, Metformin, Simvastatin","{""WBC"": 5790.4, ""Hgb"": 13.4, ""Platelets"": 295.4, ""Glucose"": 117.9}",None,2026-02-11,Carol Moore,Save throw behind paper night community pick husband market service have.,False
250,Teresa Griffin,186-70-3336,394.641.6725,mgarza@example.com,SgQ-3818399,Female,1958-05-08,50,Obesity,Themselves address go bad.,"Hydrochlorothiazide, Levothyroxine","{""WBC"": 10848.8, ""Hgb"": 16.5, ""Platelets"": 386.3, ""Glucose"": 83.4}",Pollen,2025-03-28,Terry Gonzalez,Age account cost man note trouble response such tough.,False
251,Keith Jones,411-39-2293,001-284-490-2078x156,bhudson@example.net,HGc-9247562,Male,1935-06-19,68,Hypertension,Threat positive employee thank.,"Atorvastatin, Simvastatin, Lisinopril","{""WBC"": 7893.3, ""Hgb"": 16.8, ""Platelets"": 262.1, ""Glucose"": 132.8}",Peanuts,2026-02-27,Julie Cordova,Eat feel language themselves nothing coach general service people our TV goal approach.,False
252,Duane Hunt,743-47-0617,890.936.3997x54992,andrewmooney@example.com,Urb-4226235,Other,1938-01-06,20,COPD,Police song read there catch result.,Amlodipine,"{""WBC"": 10323.7, ""Hgb"": 13.4, ""Platelets"": 398.4, ""Glucose"": 91.1}",Latex,2025-11-18,Jeremy Leonard,Few cell ahead dog what receive.,True
253,Matthew Schmidt,170-02-5600,001-884-223-5031x714,foxlinda@example.com,sdw-1191580,Female,1989-03-14,5,Arthritis,Leader concern front institution.,"Gabapentin, Levothyroxine, Simvastatin","{""WBC"": 10535.7, ""Hgb"": 17.2, ""Platelets"": 322.9, ""Glucose"": 87.0}",Pollen,2025-05-09,James Scott,Believe area care short summer prepare.,False
254,Diana Barker,092-08-5786,(310)480-5808,cynthia10@example.net,ODj-4309701,Male,2003-08-08,94,COPD,Talk manager realize of while thus.,"Gabapentin, Lisinopril","{""WBC"": 8316.0, ""Hgb"": 14.3, ""Platelets"": 379.9, ""Glucose"": 126.3}",None,2025-07-21,Randy Gonzalez,Pressure career garden seat television police religious.,True
255,William Hicks,599-96-2751,001-598-337-3364x480,brownjason@example.net,VIF-1797498,Male,1952-08-31,19,Hypothyroidism,Item play option better listen method.,"Omeprazole, Atorvastatin","{""WBC"": 10544.0, ""Hgb"": 12.3, ""Platelets"": 275.5, ""Glucose"": 131.8}",Shellfish,2026-02-27,Brittney Kidd,Add radio break area size movie health every front both oil market before if.,False
256,Mr. Jordan Thompson MD,845-60-6202,+1-568-218-6508,jamiemeyer@example.net,nrA-6618822,Male,2017-09-15,19,Diabetes,Civil budget person.,"Hydrochlorothiazide, Atorvastatin","{""WBC"": 6671.4, ""Hgb"": 12.9, ""Platelets"": 182.1, ""Glucose"": 74.4}",Penicillin,2025-08-27,Theresa Morgan,Guess pull friend smile serve include leave most grow me risk also interesting.,False
257,Alexandra Miller,735-04-6952,(932)578-2671,andersondawn@example.net,xbm-4140798,Female,1963-08-11,1,Anxiety,Truth technology important Congress chair.,"Amlodipine, Hydrochlorothiazide","{""WBC"": 9517.2, ""Hgb"": 13.1, ""Platelets"": 171.8, ""Glucose"": 113.4}",None,2026-02-10,Timothy Black,Former short still consumer than success but investment.,True
258,Anita Wheeler,537-91-5015,335.493.1244x255,ujackson@example.com,rgO-9739095,Other,2015-03-17,44,Arthritis,May whatever together cut study member federal.,"Albuterol, Gabapentin","{""WBC"": 6323.0, ""Hgb"": 14.0, ""Platelets"": 308.5, ""Glucose"": 93.1}",Peanuts,2025-07-12,Jennifer Good,Sea director hand nor open choice figure something where game city little team.,True
259,Aaron Anderson,742-47-2585,+1-724-221-9208x624,kimberlyacevedo@example.org,ZEF-8977784,Male,2017-10-01,68,Anxiety,Will personal different affect understand.,"Omeprazole, Hydrochlorothiazide, Metformin","{""WBC"": 6130.1, ""Hgb"": 16.7, ""Platelets"": 274.9, ""Glucose"": 137.2}",Peanuts,2025-12-15,William Singleton,Point friend window rather raise attention general free long who budget nature.,True
260,Jeffrey Lara,193-14-7876,001-991-938-0217x4952,gilbertandrew@example.net,wne-2630474,Male,1988-10-14,62,Arthritis,Question cover young amount role country father.,"Omeprazole, Atorvastatin","{""WBC"": 5268.0, ""Hgb"": 15.3, ""Platelets"": 204.9, ""Glucose"": 134.5}",Shellfish,2025-09-02,Anthony Oliver,Author could I decade indicate property school.,True
261,George Taylor,637-66-4051,(736)848-9360x5212,tammy82@example.com,gzW-0532475,Other,2009-08-24,76,COPD,End human dark plan inside.,Gabapentin,"{""WBC"": 10172.4, ""Hgb"": 13.1, ""Platelets"": 285.5, ""Glucose"": 134.4}",Penicillin,2025-11-18,Jonathon Watson,Very eight red perform issue other imagine down notice able though.,False
262,Amanda Stevenson,201-83-1789,617-813-9976,crystal13@example.org,fiy-0389181,Male,1984-01-25,61,Obesity,Need skill little sport.,Metformin,"{""WBC"": 9935.6, ""Hgb"": 14.1, ""Platelets"": 186.7, ""Glucose"": 81.8}",Penicillin,2025-08-31,Alex Mayer,Six I different director level value.,False
263,Darrell Villa,372-12-6047,(482)860-7474,croberts@example.net,InU-5790768,Male,1980-06-23,18,COPD,Federal exactly term bed.,"Atorvastatin, Metformin","{""WBC"": 7469.9, ""Hgb"": 16.3, ""Platelets"": 398.1, ""Glucose"": 102.7}",Latex,2026-02-05,Kimberly Anderson,South hit whether home very admit election court dinner factor recent point face.,True
264,Sarah Silva,416-91-7807,304.361.0353,brandon64@example.org,OOo-7988297,Male,1972-06-17,33,Asthma,Suddenly would economic finally conference.,"Gabapentin, Simvastatin, Metformin","{""WBC"": 8920.6, ""Hgb"": 14.3, ""Platelets"": 155.8, ""Glucose"": 111.6}",None,2025-04-29,Tanya Taylor,Truth everything interesting growth traditional while wall entire.,True
265,Nicole Martinez,080-54-6459,469.314.5920x102,rgardner@example.com,Tlg-8417849,Female,1938-10-23,77,Depression,Same campaign tough military.,"Levothyroxine, Simvastatin, Hydrochlorothiazide","{""WBC"": 6767.1, ""Hgb"": 14.5, ""Platelets"": 324.9, ""Glucose"": 80.0}",Peanuts,2026-01-16,Charles Rogers,Entire song why dinner poor water life person ever often break character direction subject.,False
266,Allison Johnson,004-89-5313,740.674.5285,mscott@example.net,IqX-0323393,Male,1997-07-05,86,Depression,Scientist the garden defense rule already shoulder skill.,"Omeprazole, Hydrochlorothiazide, Simvastatin","{""WBC"": 4589.9, ""Hgb"": 12.2, ""Platelets"": 212.9, ""Glucose"": 103.8}",Pollen,2025-04-14,Lauren Bradshaw,Report for language hospital none drive Republican remain successful music.,False
267,Heather Hines,682-55-9092,380.866.8208x963,mallory41@example.net,vqu-9449637,Male,1928-12-15,38,Asthma,According his run inside lay special.,Amlodipine,"{""WBC"": 4021.1, ""Hgb"": 14.7, ""Platelets"": 154.0, ""Glucose"": 135.1}",Pollen,2026-02-20,Miss Amy Cox,Which capital enter audience tell billion half responsibility imagine relationship opportunity north.,False
268,Tammy Garrett,650-58-4691,6065369727,jonathan45@example.net,GDq-6053760,Other,2017-10-02,75,Migraine,Information behind store five.,"Gabapentin, Atorvastatin","{""WBC"": 10530.7, ""Hgb"": 14.4, ""Platelets"": 165.5, ""Glucose"": 87.9}",Shellfish,2025-03-19,Nathan Jones,Kitchen single score happy race whom similar need above.,True
269,Steven Smith,770-45-0950,358-601-4121x03801,kstewart@example.net,UoM-6670438,Other,1978-03-18,5,Depression,Data some write quality lose dream evening.,Simvastatin,"{""WBC"": 7954.9, ""Hgb"": 12.5, ""Platelets"": 353.3, ""Glucose"": 75.2}",Pollen,2026-01-22,Keith Cook,Begin senior good thousand hold reflect experience return color reason customer state.,False
270,Stephen King,257-40-3829,7395696686,rebeccaknight@example.org,MZP-3112666,Female,1984-09-09,86,Hypothyroidism,Image yourself news.,"Levothyroxine, Metformin, Lisinopril","{""WBC"": 4502.8, ""Hgb"": 12.6, ""Platelets"": 247.4, ""Glucose"": 97.7}",Pollen,2025-11-24,Patricia Donovan,Spring great situation ability all difficult process family son garden have the.,False
271,Nancy Gallegos,176-57-7273,576-399-2667x807,wsmith@example.net,KQs-8324274,Female,1935-01-12,62,Arthritis,Else exist join buy enjoy manage fact.,"Omeprazole, Amlodipine, Gabapentin","{""WBC"": 7183.6, ""Hgb"": 15.8, ""Platelets"": 343.8, ""Glucose"": 75.3}",Latex,2026-01-22,Justin Roberts,View before another state suddenly draw.,True
272,Kerry Allen,485-21-8427,+1-666-510-1465,tabithalewis@example.net,JyJ-0862297,Other,2010-05-21,97,Migraine,Republican miss protect help.,"Hydrochlorothiazide, Albuterol","{""WBC"": 9626.8, ""Hgb"": 12.7, ""Platelets"": 382.6, ""Glucose"": 106.3}",Shellfish,2025-06-12,Jason Sanchez,Bank certainly want report day road bill government summer father effort bed.,True
273,Shawn Barnett,840-08-9948,7619785640,barkerdavid@example.net,fFW-3521312,Female,1954-12-02,3,Arthritis,Fine suggest start public her.,"Atorvastatin, Metformin, Omeprazole","{""WBC"": 10937.5, ""Hgb"": 17.4, ""Platelets"": 160.7, ""Glucose"": 98.6}",Peanuts,2025-08-06,Kimberly Hammond,Find themselves outside example street stock political artist little nature baby necessary policy.,False
274,Kathryn Greene,195-77-9708,(756)322-3266x9145,asmith@example.net,ugZ-5681709,Other,1953-11-27,62,Hypothyroidism,Sing oil fact out difference.,"Simvastatin, Amlodipine, Hydrochlorothiazide","{""WBC"": 9993.4, ""Hgb"": 16.5, ""Platelets"": 208.0, ""Glucose"": 74.7}",Shellfish,2025-08-05,Helen Baker,Ground suffer measure tough send vote site section attorney.,True
275,Keith Foster,695-05-3381,(441)694-5912,vickiesmith@example.net,caE-4270209,Other,2019-06-04,45,Hypertension,Speech class side difficult door camera skin.,"Gabapentin, Simvastatin, Amlodipine","{""WBC"": 9209.2, ""Hgb"": 13.4, ""Platelets"": 221.1, ""Glucose"": 86.3}",Latex,2025-11-13,Colleen Townsend,Why east all create through term eat year use interest take.,False
276,Charles Wiggins,811-39-9153,+1-957-650-0980,matamitchell@example.net,hNt-0311048,Male,2024-04-19,41,Anxiety,Certain military cost onto.,"Atorvastatin, Metformin","{""WBC"": 8322.4, ""Hgb"": 14.6, ""Platelets"": 282.4, ""Glucose"": 114.6}",None,2025-12-03,Jason King,Between woman product strategy they seem writer should this worker manage state quite.,True
277,Sheila Smith,271-39-5941,(817)732-3830,kristin39@example.net,gtb-8217330,Female,2004-07-05,67,Anxiety,Guy kind everybody purpose popular outside expert.,"Simvastatin, Atorvastatin","{""WBC"": 4306.7, ""Hgb"": 16.3, ""Platelets"": 255.5, ""Glucose"": 107.2}",Pollen,2025-12-21,Ryan Hawkins,Just race nor feel law himself control southern free student happen friend dinner.,True
278,Cynthia Hernandez,690-08-8520,(465)500-4342,youngadam@example.net,baZ-7668417,Other,1990-11-06,38,Obesity,Billion character vote.,Levothyroxine,"{""WBC"": 10028.0, ""Hgb"": 15.0, ""Platelets"": 285.4, ""Glucose"": 119.1}",Peanuts,2025-04-21,Christopher Pena PhD,Out truth season first ask head government partner south not situation.,True
279,Mrs. Felicia Strickland,731-12-1516,548-419-2042x8392,tthompson@example.org,Fgj-3228589,Other,1925-12-02,10,Migraine,Act season two me.,Metformin,"{""WBC"": 4763.8, ""Hgb"": 14.4, ""Platelets"": 309.7, ""Glucose"": 136.4}",Pollen,2025-07-09,Colleen Brown,Floor cost box explain stuff suggest account the thus evening bit why.,False
280,Rodney Cook,328-82-3220,001-672-405-8468x264,sarah77@example.com,mwh-0615738,Female,1938-11-26,48,Obesity,Tell garden wonder treatment grow race entire.,"Levothyroxine, Simvastatin, Amlodipine","{""WBC"": 5616.3, ""Hgb"": 17.4, ""Platelets"": 347.5, ""Glucose"": 112.6}",Penicillin,2025-10-11,Natalie Ortiz,Partner arrive land what president player short spring tree blue skill sometimes.,False
281,Kayla Washington MD,145-12-7048,5615649442,ocollins@example.com,SFR-3660838,Female,2025-07-12,82,Hypothyroidism,Option its time explain lot north painting game.,Atorvastatin,"{""WBC"": 4336.8, ""Hgb"": 15.1, ""Platelets"": 374.8, ""Glucose"": 80.4}",Peanuts,2025-04-04,Steven Hernandez,Support go fill medical over dinner feeling.,True
282,Daniel Moon,220-43-2986,+1-278-757-1178x720,martinezjamie@example.org,TaZ-5731277,Female,1932-09-24,20,Arthritis,Quality what particularly better.,"Amlodipine, Hydrochlorothiazide, Simvastatin","{""WBC"": 10784.9, ""Hgb"": 14.8, ""Platelets"": 332.2, ""Glucose"": 83.8}",Pollen,2026-01-18,Pamela Butler,Image between appear card somebody necessary sister however you social world condition.,True
283,Christopher Foster,348-23-4275,+1-610-605-1457x3333,emilygarrison@example.com,AbM-0971663,Other,2010-02-11,24,Obesity,House hospital affect Democrat cover avoid.,"Hydrochlorothiazide, Metformin","{""WBC"": 4700.7, ""Hgb"": 14.6, ""Platelets"": 399.8, ""Glucose"": 105.1}",Pollen,2026-01-03,Jason Parker,Memory role water they continue stock all camera go person.,True
284,Anthony George,004-55-8028,(737)913-5630x3494,grosskatherine@example.com,rwC-7957647,Other,1933-09-05,10,COPD,Admit different just blood control fall.,Omeprazole,"{""WBC"": 8582.8, ""Hgb"": 12.7, ""Platelets"": 353.6, ""Glucose"": 75.3}",Penicillin,2025-10-15,Timothy Jones,Wait recently executive professor important hear foot certainly close fear administration note bring.,False
285,Lisa Smith,201-68-9526,241.297.0230x19241,richardevans@example.org,kqL-7869203,Other,1960-10-24,57,COPD,Member what first minute visit last former.,"Hydrochlorothiazide, Omeprazole, Atorvastatin","{""WBC"": 5621.8, ""Hgb"": 14.4, ""Platelets"": 254.2, ""Glucose"": 75.9}",Pollen,2025-07-12,Jamie Jordan,Stop treatment role develop method something section ready.,True
286,Andrew Le,102-04-7174,+1-524-556-2364x603,leejoseph@example.com,eom-0970169,Male,1963-10-06,83,Diabetes,Two everyone group skill.,"Metformin, Hydrochlorothiazide, Atorvastatin","{""WBC"": 4781.5, ""Hgb"": 17.3, ""Platelets"": 242.5, ""Glucose"": 108.4}",None,2026-03-02,David Herring,Year boy recognize data none feeling study piece hundred that lead evidence.,True
287,Joshua Burgess,301-88-3758,+1-678-426-9183,melissa49@example.com,Pxz-9068334,Other,1948-02-16,47,Hypothyroidism,Near security sea more child I.,"Gabapentin, Amlodipine","{""WBC"": 9026.9, ""Hgb"": 16.8, ""Platelets"": 191.5, ""Glucose"": 90.1}",Latex,2025-07-15,Jesus Jensen,Image heavy describe appear performance care exactly.,False
288,Morgan Williams,253-41-2837,+1-758-908-2476x0862,pjones@example.com,eAQ-6798379,Female,2024-03-20,7,COPD,Then of appear group.,Levothyroxine,"{""WBC"": 5876.8, ""Hgb"": 16.6, ""Platelets"": 154.9, ""Glucose"": 136.1}",Latex,2025-10-11,Eric Mooney,Industry hospital fill thousand task soon moment.,False
289,Taylor Richardson,792-21-3254,001-921-551-4928x24285,usanders@example.net,UOf-6955469,Male,1972-05-08,84,Hypothyroidism,Score simple less help.,"Hydrochlorothiazide, Amlodipine, Albuterol","{""WBC"": 9369.7, ""Hgb"": 15.4, ""Platelets"": 274.8, ""Glucose"": 93.7}",None,2025-09-06,Nicole Townsend,Property common impact soon pressure man.,False
290,Mercedes Lloyd,861-44-4196,429-854-5912,kcook@example.net,cWt-6254949,Male,1945-06-29,39,Hypertension,Great manager similar group drop way prepare speech.,Metformin,"{""WBC"": 4217.8, ""Hgb"": 12.9, ""Platelets"": 255.3, ""Glucose"": 73.6}",Penicillin,2025-08-15,Jose Coleman,Admit health this several positive meeting bank development too son pull middle summer.,False
291,William Hernandez,052-57-8031,(603)967-6209,john88@example.net,oEc-2106073,Male,1967-11-18,71,Asthma,North less so.,"Amlodipine, Gabapentin","{""WBC"": 6986.7, ""Hgb"": 15.8, ""Platelets"": 160.8, ""Glucose"": 97.4}",Shellfish,2025-07-17,Kenneth Ruiz,Want even learn bad seem space public smile support campaign cold more company.,True
292,Richard Perez,246-62-4899,001-727-208-4835x701,nguyenshelia@example.net,qOH-4217201,Other,1961-10-25,86,Diabetes,To coach purpose audience station phone black.,Omeprazole,"{""WBC"": 7654.8, ""Hgb"": 15.8, ""Platelets"": 389.2, ""Glucose"": 137.2}",Shellfish,2025-12-31,Andrea Wood,Suggest no because wide project also be partner provide small occur would.,True
293,Taylor Edwards,812-17-3050,520-801-9930x8824,orozcomegan@example.com,RaK-7558258,Male,1979-03-30,88,Asthma,Program worker push home.,"Albuterol, Lisinopril, Atorvastatin","{""WBC"": 5014.3, ""Hgb"": 12.6, ""Platelets"": 305.5, ""Glucose"": 90.4}",Pollen,2026-02-01,Robin Ward,Friend begin detail stop tough science again become.,False
294,Charles Rodriguez,389-26-0953,431.367.1342,christian02@example.com,hSp-9872201,Female,1976-08-03,96,Anxiety,Good girl front prepare glass story box.,"Omeprazole, Metformin","{""WBC"": 4263.8, ""Hgb"": 14.5, ""Platelets"": 269.0, ""Glucose"": 118.4}",None,2025-09-03,Jenna Frederick,Attorney require factor coach official benefit student ready factor happy final.,False
295,Brian Watson,520-88-9491,902-266-6806x71325,shannon64@example.net,QBs-5636075,Female,1942-11-30,2,Hypertension,Determine appear among other site maintain.,"Atorvastatin, Omeprazole, Hydrochlorothiazide","{""WBC"": 5382.8, ""Hgb"": 14.4, ""Platelets"": 382.4, ""Glucose"": 132.0}",Latex,2025-07-26,Jeffrey Castillo,Friend safe share energy another debate herself money response detail left.,False
296,Rachel Tran,791-94-1812,570.828.6812x60937,mark39@example.com,kZn-4775108,Other,1958-03-18,49,Hypertension,Wind energy establish.,"Metformin, Lisinopril","{""WBC"": 10293.7, ""Hgb"": 12.6, ""Platelets"": 170.0, ""Glucose"": 105.2}",Penicillin,2025-09-25,Thomas Taylor,Expert interesting understand artist enjoy kind bag star director I.,False
297,Emily Cohen,322-78-7721,857-837-3012x446,briansanchez@example.com,koe-0729572,Male,2024-12-29,64,Hypertension,Sort week job check interesting central.,Amlodipine,"{""WBC"": 5392.2, ""Hgb"": 15.7, ""Platelets"": 285.9, ""Glucose"": 81.2}",Pollen,2025-05-22,Cynthia Ramirez,We cell if political argue despite dinner team chance stuff job indicate.,True
298,Carol Foster,827-39-5419,633.863.1086,millerdavid@example.net,VxK-6402255,Male,1938-04-09,94,Diabetes,Reality face those.,Atorvastatin,"{""WBC"": 7401.6, ""Hgb"": 16.1, ""Platelets"": 155.3, ""Glucose"": 77.2}",Pollen,2025-07-04,Jonathan Osborne,Perhaps far home amount for too say value million my town never parent quality.,False
299,Melanie Mclaughlin,311-50-2439,5802813600,pfrancis@example.com,oeb-5370663,Male,1927-08-16,86,Obesity,Loss say range feeling.,"Lisinopril, Atorvastatin","{""WBC"": 10816.1, ""Hgb"": 15.0, ""Platelets"": 364.4, ""Glucose"": 128.1}",Latex,2025-11-22,Robert Chapman,Pm task manage decide them glass among theory wall five.,False
300,Jimmy Gillespie,652-34-3268,+1-217-737-3595,williamsruben@example.net,OSe-6608485,Male,1987-09-15,56,Obesity,Across fill weight star class.,"Lisinopril, Hydrochlorothiazide, Metformin","{""WBC"": 9366.9, ""Hgb"": 13.6, ""Platelets"": 248.5, ""Glucose"": 121.7}",Pollen,2025-07-09,Colleen Malone,Weight floor bed particular traditional middle instead fact true purpose.,False
301,Stephen Brown,102-57-7712,949-867-8822x58633,mccarthyjohn@example.com,KLP-3377661,Other,1972-06-10,98,Arthritis,Institution sister teacher.,"Atorvastatin, Simvastatin","{""WBC"": 6305.2, ""Hgb"": 12.5, ""Platelets"": 366.7, ""Glucose"": 71.7}",Peanuts,2026-02-27,Reginald Graham,Good after place economy radio cost military individual.,True
302,Jason Johnson,160-86-4296,492.965.0322x90391,philliphale@example.org,fxg-1330190,Other,1984-10-17,86,Obesity,Next low compare though similar whom.,Albuterol,"{""WBC"": 6427.7, ""Hgb"": 14.7, ""Platelets"": 345.4, ""Glucose"": 105.3}",Pollen,2026-01-27,Kevin Strong,Dark boy crime miss with country image authority.,False
303,Kenneth Garrett,783-72-4493,001-765-237-2344x00057,reesemorgan@example.org,LUP-0677526,Female,2018-10-21,3,COPD,Former contain available operation increase.,"Gabapentin, Simvastatin","{""WBC"": 9423.0, ""Hgb"": 16.2, ""Platelets"": 355.4, ""Glucose"": 114.1}",Penicillin,2025-05-26,Troy Davis,Eat light offer near clear significant wall get small.,True
304,Jamie Carlson,397-06-3466,9349684383,johnsanchez@example.net,xoz-0287211,Other,1945-10-12,5,COPD,Bad can another.,"Hydrochlorothiazide, Levothyroxine, Lisinopril","{""WBC"": 6624.0, ""Hgb"": 16.2, ""Platelets"": 231.2, ""Glucose"": 108.7}",Shellfish,2026-01-15,Maria Simmons,Reach person speak discuss pick population Republican.,True
305,Michael Martinez,688-19-8619,(832)797-1802,vgonzales@example.org,oGD-9643986,Other,1943-01-18,65,Obesity,Himself miss data course too learn.,"Hydrochlorothiazide, Levothyroxine, Metformin","{""WBC"": 5592.1, ""Hgb"": 15.4, ""Platelets"": 171.8, ""Glucose"": 75.7}",None,2025-04-25,Christopher Castillo,Heavy they Democrat dinner well audience much expect nice fine consider blue set.,True
306,Richard Adams,356-91-9635,001-785-733-8705,alyssadavis@example.org,jTU-8725755,Male,1936-02-20,34,Diabetes,Mean camera sure avoid his.,"Gabapentin, Simvastatin, Atorvastatin","{""WBC"": 5249.3, ""Hgb"": 16.6, ""Platelets"": 383.3, ""Glucose"": 71.3}",Pollen,2025-11-02,Joseph Ashley,President total dinner admit believe because manage thus professor middle movie quite.,False
307,Ashlee Christensen,557-56-8343,+1-578-836-1119x8488,eric68@example.net,KBT-4049185,Male,1992-03-05,41,Asthma,Wear success just treatment home plan.,"Atorvastatin, Levothyroxine, Simvastatin","{""WBC"": 6063.7, ""Hgb"": 15.8, ""Platelets"": 285.5, ""Glucose"": 111.4}",Shellfish,2026-01-23,Elizabeth Thompson,Head worry business care option level impact parent attention sport approach grow.,True
308,Donna Payne,562-43-5700,929.713.5674x164,thomas79@example.org,bgw-2051926,Male,1942-05-18,62,Asthma,Item media itself ask air involve age.,"Simvastatin, Albuterol, Amlodipine","{""WBC"": 9711.1, ""Hgb"": 15.3, ""Platelets"": 301.4, ""Glucose"": 76.5}",None,2025-08-30,Martha Parker,Region have meeting newspaper drive class pretty rock.,False
309,Mary Ray,768-97-5260,001-583-445-8177x39386,wwilliams@example.org,PqQ-7105751,Female,1971-11-30,83,Hypertension,Meet figure article.,"Atorvastatin, Simvastatin","{""WBC"": 9300.8, ""Hgb"": 15.1, ""Platelets"": 385.6, ""Glucose"": 99.5}",Penicillin,2025-12-25,Alvin Johnson,So morning fly them yet population worker why near health.,False
310,Elizabeth Hansen,019-31-6485,698-211-9493x6202,clintonramirez@example.org,MXM-7746230,Other,1999-09-03,40,Diabetes,Air adult likely against father.,Metformin,"{""WBC"": 9628.7, ""Hgb"": 12.2, ""Platelets"": 286.8, ""Glucose"": 70.7}",Shellfish,2025-03-31,William Munoz,Deep good increase decade anyone produce quickly.,False
311,Mallory Evans,747-78-2513,800.903.9827x54298,nhernandez@example.com,BOo-0315009,Other,1942-09-07,57,COPD,Writer state trial director education event.,Simvastatin,"{""WBC"": 4245.7, ""Hgb"": 17.1, ""Platelets"": 188.9, ""Glucose"": 137.4}",Shellfish,2025-03-18,Patricia Shelton,Any race describe seat stage political serve respond draw dog administration idea.,True
312,David Chavez,352-32-2988,679.354.7648x1650,christine23@example.net,yAV-9876919,Other,1981-10-01,87,Migraine,Stop power talk camera.,"Gabapentin, Hydrochlorothiazide","{""WBC"": 9923.9, ""Hgb"": 13.0, ""Platelets"": 261.0, ""Glucose"": 96.9}",Latex,2025-09-05,Lauren Williamson MD,Structure either part collection blue race stuff worry inside brother never.,True
313,Antonio Lara,307-70-2140,212.903.7122,sean49@example.com,Rfe-7979366,Female,1972-03-22,95,Hypothyroidism,Provide option radio last environment real suddenly.,"Atorvastatin, Metformin, Lisinopril","{""WBC"": 6060.0, ""Hgb"": 15.2, ""Platelets"": 214.5, ""Glucose"": 128.9}",Latex,2025-11-19,Melvin Pena,Republican whether federal yard threat fast participant.,False
314,Christopher Phillips,391-22-9651,223-815-0670,hatfieldjennifer@example.net,gHY-6157170,Other,1998-04-07,16,COPD,Public during grow town detail.,"Amlodipine, Gabapentin, Lisinopril","{""WBC"": 6669.9, ""Hgb"": 15.0, ""Platelets"": 237.0, ""Glucose"": 71.7}",Shellfish,2025-12-06,Robert Copeland,Their really recognize operation medical break prove experience develop off cost condition air see.,True
315,Dalton Johnson,634-42-7314,220-214-8931,andrew04@example.com,fxP-6294220,Male,1966-01-07,33,Depression,Guy across establish station war something personal.,"Atorvastatin, Levothyroxine","{""WBC"": 4589.4, ""Hgb"": 14.4, ""Platelets"": 306.7, ""Glucose"": 74.8}",Penicillin,2025-10-28,Tina Mathis,Century provide its newspaper break stuff fast image place few very consider.,False
316,Christy Grant,123-43-5968,289.266.5776,odonnellstacy@example.net,tpg-7760965,Other,1973-08-29,64,Depression,Relate form end both.,Omeprazole,"{""WBC"": 7202.5, ""Hgb"": 13.9, ""Platelets"": 205.1, ""Glucose"": 113.0}",Penicillin,2025-08-21,Michael Mayer,Rock hit record customer adult door base see.,False
317,Shane Powers,151-35-1225,(846)448-0324x377,hdaniel@example.org,Din-8420062,Other,2017-09-14,86,Obesity,By prepare evening might.,"Omeprazole, Levothyroxine","{""WBC"": 5084.7, ""Hgb"": 17.4, ""Platelets"": 220.2, ""Glucose"": 108.2}",None,2026-01-08,Michael Lin,Follow as to size college southern culture these avoid edge last charge.,False
318,John Callahan,230-07-3905,(414)873-1101x588,zwhite@example.com,eVl-9403404,Other,2024-03-01,43,Asthma,Price she possible stand.,"Atorvastatin, Amlodipine, Gabapentin","{""WBC"": 4078.9, ""Hgb"": 16.2, ""Platelets"": 218.2, ""Glucose"": 125.5}",Pollen,2025-07-22,Lauren Chavez,Forget executive agency fast human know begin choice such attorney subject answer current.,False
319,Dustin Cuevas,347-88-2861,618.355.4993,robin89@example.org,hHD-9434578,Other,1988-05-12,80,Arthritis,Drive rather their court some poor human.,Simvastatin,"{""WBC"": 10567.1, ""Hgb"": 14.4, ""Platelets"": 268.5, ""Glucose"": 97.4}",Pollen,2025-09-30,Eric Ruiz,Brother action might ago idea guess.,True
320,Bobby Thornton,131-50-8708,(593)815-3011,lori68@example.org,YfN-2147821,Female,2009-02-27,10,COPD,Current must high.,Omeprazole,"{""WBC"": 5210.0, ""Hgb"": 15.4, ""Platelets"": 289.0, ""Glucose"": 137.6}",Latex,2025-11-14,Nicole Hogan,Early third majority check huge wonder offer.,True
321,Monica Dalton,710-04-7746,001-586-547-4973x91958,ruizkathleen@example.com,fHj-0944243,Female,2010-03-03,40,COPD,Throughout activity child million use night head.,"Metformin, Lisinopril","{""WBC"": 10504.1, ""Hgb"": 15.3, ""Platelets"": 350.4, ""Glucose"": 111.4}",Latex,2026-02-13,Heather Turner,Customer rise too concern early culture economic rather PM west.,True
322,Paul Robles,672-66-8523,293-372-0131x8503,emily85@example.net,fAt-7919278,Male,1959-11-12,2,Asthma,Water pick citizen which create process.,Atorvastatin,"{""WBC"": 10549.6, ""Hgb"": 17.0, ""Platelets"": 212.5, ""Glucose"": 75.9}",Latex,2025-12-20,Hunter Davis,Child discover share tough item staff.,True
323,Nicholas King,305-38-1771,(373)745-5397x414,smithcolleen@example.net,zyN-0510749,Female,2000-09-19,54,Hypertension,From why player question talk section.,Metformin,"{""WBC"": 10443.9, ""Hgb"": 15.4, ""Platelets"": 374.2, ""Glucose"": 84.8}",Pollen,2025-10-27,Keith Hawkins,Church college suggest television paper bit.,False
324,Marcus Hughes,267-15-1478,001-916-573-7364x66007,danielle43@example.org,axe-1383978,Other,2025-02-19,9,Migraine,Issue small morning program budget by.,"Lisinopril, Omeprazole","{""WBC"": 4324.6, ""Hgb"": 12.4, ""Platelets"": 289.9, ""Glucose"": 80.8}",Shellfish,2025-04-20,William Rhodes,Floor dark environment usually color perform notice.,False
325,Taylor Byrd,151-35-1851,256.622.5590x7626,gloriacollins@example.com,SAO-9225942,Other,1995-01-14,10,Anxiety,Congress kitchen any weight community.,"Gabapentin, Levothyroxine, Hydrochlorothiazide","{""WBC"": 10037.3, ""Hgb"": 14.7, ""Platelets"": 221.4, ""Glucose"": 71.9}",Latex,2025-10-17,Alan Mason,Structure picture ahead occur to rather for exactly represent both.,False
326,Preston Singleton,761-58-1061,+1-354-501-7855x6359,dawn17@example.org,iBI-2058913,Female,1958-01-04,21,Arthritis,Against call every everybody price hotel where.,"Lisinopril, Hydrochlorothiazide","{""WBC"": 8894.4, ""Hgb"": 17.1, ""Platelets"": 308.4, ""Glucose"": 118.9}",Penicillin,2026-02-14,Andrea Garrison,East sort election remain interesting behavior recently interest against.,False
327,Bradley Richardson,786-41-0802,870.403.0958,anthonyowens@example.com,McI-8683090,Female,2006-12-05,47,Arthritis,More up both director left our ago.,Albuterol,"{""WBC"": 6533.6, ""Hgb"": 15.7, ""Platelets"": 352.2, ""Glucose"": 74.2}",Latex,2025-03-26,Theresa Cook,Court single wish medical will different south apply today.,False
328,Kelly Owens,414-55-8772,790-413-8460x183,christopher53@example.net,DVd-0891806,Other,1946-10-13,8,Hypothyroidism,Responsibility population teach month pattern bed.,"Omeprazole, Atorvastatin, Hydrochlorothiazide","{""WBC"": 7407.2, ""Hgb"": 16.0, ""Platelets"": 397.0, ""Glucose"": 138.5}",Penicillin,2025-12-28,Kimberly Brown,Improve instead above three green Republican increase man open truth someone analysis.,True
329,Jonathan Russell,041-92-4240,204-775-5899,tracyhorne@example.com,EPc-6793227,Female,1970-07-09,17,Migraine,Worker win newspaper chair.,"Metformin, Atorvastatin","{""WBC"": 8816.9, ""Hgb"": 15.3, ""Platelets"": 268.0, ""Glucose"": 108.5}",Pollen,2025-04-29,Sherry Mcpherson,Actually cover yes sound risk hot voice voice instead blue try result trip.,False
330,Diana Williams,025-45-7703,001-510-516-8321x6019,qford@example.net,FTM-9399699,Other,1965-03-10,22,COPD,North bank hour improve.,"Simvastatin, Amlodipine","{""WBC"": 5315.2, ""Hgb"": 12.1, ""Platelets"": 300.7, ""Glucose"": 116.1}",Latex,2025-06-14,Ross Robinson,Guess home technology good soldier set give system he.,True
331,Dylan Quinn,363-70-8874,8905851884,omoore@example.org,MSD-9183267,Male,1946-11-01,80,Arthritis,Both prevent tax agree set forward thought outside.,"Gabapentin, Metformin","{""WBC"": 9209.8, ""Hgb"": 15.5, ""Platelets"": 344.9, ""Glucose"": 132.4}",Latex,2025-10-24,Stephanie Hill,Fight special community land manage store picture town green project available you fight.,False
332,Michael Gomez,690-72-8180,697-411-3045,nancyscott@example.org,rYX-2911787,Female,1957-01-05,2,Depression,Brother avoid remain read series.,"Hydrochlorothiazide, Simvastatin","{""WBC"": 7056.8, ""Hgb"": 15.0, ""Platelets"": 301.5, ""Glucose"": 114.4}",None,2025-09-26,Michelle Scott,Certain participant beyond billion magazine have allow.,False
333,Jesse Zimmerman,320-55-5507,(230)931-1619x6566,gilbert83@example.com,EQP-6360995,Male,1994-06-06,60,Depression,Skin sign law court just our.,"Atorvastatin, Hydrochlorothiazide","{""WBC"": 7386.7, ""Hgb"": 16.2, ""Platelets"": 255.2, ""Glucose"": 136.8}",Pollen,2025-04-09,Lauren Murray,Watch voice education modern at establish group news world official operation reach.,True
334,Philip Hicks,884-51-0638,968-800-1794,ashley79@example.net,Jzu-6366731,Male,1990-01-27,16,Depression,Respond pressure itself free seek rate off.,"Omeprazole, Albuterol, Amlodipine","{""WBC"": 9232.7, ""Hgb"": 14.8, ""Platelets"": 188.4, ""Glucose"": 77.0}",Penicillin,2025-03-25,Larry Turner,Throughout one project important quite various nation itself myself friend.,True
335,Patricia Green,165-02-6081,597-291-0255x613,baileylaura@example.net,axT-5890504,Female,1950-10-20,8,Hypothyroidism,Shoulder food nation by risk many federal.,"Amlodipine, Simvastatin, Albuterol","{""WBC"": 9847.9, ""Hgb"": 14.4, ""Platelets"": 235.8, ""Glucose"": 77.1}",Penicillin,2025-03-16,Allison Prince,Throughout must can project employee letter surface.,True
336,Michael Stevens,374-07-0061,939-255-0129x338,patrickrodriguez@example.net,pwA-2536667,Male,1942-07-08,66,Arthritis,Attention ok book machine tree.,Simvastatin,"{""WBC"": 4834.2, ""Hgb"": 13.6, ""Platelets"": 351.5, ""Glucose"": 138.4}",Peanuts,2025-05-05,Ryan Griffin,Couple floor radio great authority trip election song production.,False
337,Meagan Williams,762-24-3708,001-373-970-6269x98277,smithkevin@example.com,UBe-7294641,Other,1975-02-02,46,Asthma,Herself work music.,"Levothyroxine, Albuterol, Hydrochlorothiazide","{""WBC"": 8775.6, ""Hgb"": 15.4, ""Platelets"": 385.9, ""Glucose"": 74.7}",Peanuts,2025-07-17,Timothy Marsh,Cell central strong experience family enter church especially science government difficult place guy.,True
338,Eddie Clark,176-02-0045,6267745944,barbara93@example.org,vmH-1890595,Other,2001-03-20,48,Asthma,Various when voice.,"Levothyroxine, Atorvastatin","{""WBC"": 6189.4, ""Hgb"": 13.1, ""Platelets"": 224.4, ""Glucose"": 100.1}",None,2025-08-19,Chris Mcintyre,Find particular law marriage take finish job entire and we fill subject none.,False
339,Christopher Davis,410-39-6178,656-406-4241x59656,christine70@example.org,BXi-2835244,Female,1987-05-13,36,Anxiety,Southern before drop accept west partner.,"Gabapentin, Levothyroxine","{""WBC"": 9820.2, ""Hgb"": 12.5, ""Platelets"": 389.0, ""Glucose"": 136.1}",Latex,2026-02-02,Bailey Knox,Yes fact science fear idea other cultural approach bad court could but.,True
340,Stephanie Porter,130-30-3151,(865)225-2164,griffinrebecca@example.com,VHu-8519664,Other,1956-02-27,50,Hypertension,Amount apply Mrs town second.,Hydrochlorothiazide,"{""WBC"": 9108.0, ""Hgb"": 17.5, ""Platelets"": 170.5, ""Glucose"": 110.5}",Latex,2026-02-18,William Smith,Go material occur ready current light for.,False
341,Mrs. Rachel Gilmore,203-93-2434,(575)219-4721,carrie89@example.net,wRX-4432391,Other,2008-01-07,47,COPD,Police interest system bed most piece.,"Hydrochlorothiazide, Amlodipine","{""WBC"": 6409.7, ""Hgb"": 15.9, ""Platelets"": 308.3, ""Glucose"": 138.3}",None,2025-03-07,Sarah Alvarez,Century child natural society house friend find already beautiful magazine federal hot positive.,False
342,John Chapman,515-51-3563,3505009558,adam74@example.net,FGw-0344869,Male,1963-03-06,36,Anxiety,Treatment certain or law.,"Simvastatin, Lisinopril","{""WBC"": 6343.9, ""Hgb"": 13.8, ""Platelets"": 192.8, ""Glucose"": 91.1}",Penicillin,2025-03-10,Kylie Ortiz,Certain dream station military last various indeed human do maintain according teach.,False
343,Caroline Boyd,534-75-5577,967-383-1810x2926,uwinters@example.com,wtS-2807483,Other,1953-07-15,77,Arthritis,Thing no public deal.,"Albuterol, Metformin, Gabapentin","{""WBC"": 4619.8, ""Hgb"": 14.6, ""Platelets"": 392.3, ""Glucose"": 134.7}",Pollen,2025-06-05,Leroy Hanson,Recognize shoulder someone entire entire itself line challenge body have court minute.,False
344,John Mendoza,599-59-2980,(409)807-2967x83121,roliver@example.org,wbV-5347389,Female,1930-08-05,17,Depression,Join firm how heavy water activity good.,"Amlodipine, Atorvastatin","{""WBC"": 6761.1, ""Hgb"": 14.6, ""Platelets"": 395.3, ""Glucose"": 92.9}",Latex,2025-04-14,James Warren,Wide particularly apply entire old ok allow.,True
345,Steven Diaz,365-29-8554,+1-485-453-8493x21867,jared38@example.com,oUT-1633539,Female,1927-08-12,7,Migraine,Relate of car type good development your.,"Amlodipine, Albuterol","{""WBC"": 7068.5, ""Hgb"": 15.5, ""Platelets"": 352.7, ""Glucose"": 116.7}",Latex,2025-04-04,Richard Briggs,Clearly culture stock quickly mission positive.,False
346,Emily Lewis,082-71-1623,001-608-886-6034x607,fbarnett@example.net,wDo-4804483,Other,1971-06-24,99,Migraine,Cost decide science need former white that push.,"Levothyroxine, Amlodipine","{""WBC"": 7604.0, ""Hgb"": 15.2, ""Platelets"": 310.5, ""Glucose"": 103.5}",Pollen,2025-09-02,Nathan Gay,Month always every much ask throughout important week easy south artist finally special.,True
347,Jeffrey Garcia,575-25-4528,627-611-9445x47013,jacksonhannah@example.net,NVt-6286312,Male,1944-10-01,27,Arthritis,Including enter government safe.,Omeprazole,"{""WBC"": 6214.9, ""Hgb"": 15.3, ""Platelets"": 154.4, ""Glucose"": 112.1}",Penicillin,2025-11-26,John Hayes,Visit who purpose national inside weight run development very involve within issue.,True
348,William Luna,199-14-4768,462-476-2657x79253,smiller@example.com,tDk-6753311,Male,1930-10-04,75,Hypertension,Sign final though on also.,"Omeprazole, Albuterol","{""WBC"": 6372.7, ""Hgb"": 17.0, ""Platelets"": 256.2, ""Glucose"": 76.2}",Pollen,2026-01-31,Scott Meyer,Cell new season consider sell term blood drug finally.,False
349,Ryan Anderson,005-39-4501,(224)725-4786,kathleenaguirre@example.net,IQW-5859795,Female,1964-04-11,61,Depression,Law economic matter smile.,"Albuterol, Hydrochlorothiazide","{""WBC"": 6887.0, ""Hgb"": 15.6, ""Platelets"": 332.3, ""Glucose"": 71.8}",None,2025-09-14,William Lamb,Kid product beyond nice environment whatever there professional say certainly development one.,False
350,Nicole Ray,128-63-5046,(676)813-9705,mary35@example.org,nHf-0230841,Other,1994-05-07,36,Diabetes,Need manager million season.,Atorvastatin,"{""WBC"": 8939.6, ""Hgb"": 12.5, ""Platelets"": 381.6, ""Glucose"": 114.3}",None,2025-11-08,Joshua Sexton,Else western traditional society guy baby yet enter hot experience although main.,False
351,Richard Howard,468-83-7509,384-906-6646x996,jeannecampos@example.com,TYM-0547392,Male,1995-02-25,53,Hypothyroidism,Change everyone call exist game remain.,Metformin,"{""WBC"": 6314.2, ""Hgb"": 15.7, ""Platelets"": 349.5, ""Glucose"": 86.6}",Latex,2025-12-02,Jennifer Smith,Phone section purpose outside ground watch break guy different cultural standard book.,True
352,David Gonzalez,119-72-2630,+1-927-290-9153x01329,james51@example.com,bND-3591183,Other,1954-07-15,85,Migraine,Health message little spend street.,Lisinopril,"{""WBC"": 10639.2, ""Hgb"": 15.5, ""Platelets"": 321.9, ""Glucose"": 114.3}",Penicillin,2025-11-05,Anne Sullivan,Condition network bank game just black media.,False
353,Cheryl Wright PhD,767-31-2117,918.726.9707x1431,lawrencejohnny@example.com,LgX-7990065,Female,1964-08-20,37,Arthritis,Social professional him talk box improve century.,"Omeprazole, Gabapentin, Metformin","{""WBC"": 6407.7, ""Hgb"": 12.2, ""Platelets"": 231.9, ""Glucose"": 125.5}",Pollen,2025-04-21,Michael Austin,May system home memory Republican research almost stuff leave game break class pick.,False
354,Glenn Cantu Jr.,286-63-6240,776.436.8824x6758,kristina01@example.com,ntW-0837434,Other,2007-10-20,61,Arthritis,Boy certain news.,"Albuterol, Amlodipine, Hydrochlorothiazide","{""WBC"": 10249.3, ""Hgb"": 16.2, ""Platelets"": 328.3, ""Glucose"": 73.2}",Penicillin,2025-10-10,Mr. Larry Moore,Treatment coach little like deep fly yeah music soldier good however operation interview.,True
355,Joseph Alvarez,690-78-9953,671.325.1237,christensenkevin@example.net,AkM-1834222,Female,2022-10-05,54,Obesity,In event professor care.,"Atorvastatin, Lisinopril, Amlodipine","{""WBC"": 7156.0, ""Hgb"": 15.8, ""Platelets"": 319.3, ""Glucose"": 139.0}",Pollen,2025-05-01,Toni Hoover,Pick risk short administration role piece we.,False
356,Scott Sanchez,786-25-1375,760.991.7002x5126,haley46@example.net,Cdh-2545012,Other,1934-11-22,67,Arthritis,Republican new ready contain factor example.,"Metformin, Albuterol","{""WBC"": 10263.1, ""Hgb"": 15.5, ""Platelets"": 328.2, ""Glucose"": 96.2}",None,2025-07-25,Joshua Williams,Oil region serve environmental particularly issue artist however campaign.,False
357,Deborah Smith,740-65-8267,+1-631-248-9912x7799,westbrian@example.net,mwN-5537134,Male,1961-06-16,29,Asthma,Treat party plan pattern their.,Metformin,"{""WBC"": 6360.2, ""Hgb"": 16.1, ""Platelets"": 299.2, ""Glucose"": 109.4}",Pollen,2025-08-07,Dylan Ramsey,Purpose couple where already among join himself husband owner degree set hospital.,True
358,Aaron Roman,698-42-1032,001-348-219-2202x197,mary95@example.com,VBF-9240584,Male,1995-09-02,91,Obesity,Hospital reduce friend check guy face.,"Levothyroxine, Lisinopril","{""WBC"": 7345.1, ""Hgb"": 12.4, ""Platelets"": 193.4, ""Glucose"": 73.2}",Latex,2025-07-28,Jennifer Anderson,Kid laugh wait rise walk attorney analysis serious follow near.,True
359,Hayden Lewis,734-29-0758,(742)811-9523x305,wbrown@example.org,JAu-5938447,Female,1969-11-25,55,Depression,Save speech national focus drop act yeah.,Albuterol,"{""WBC"": 9466.4, ""Hgb"": 12.2, ""Platelets"": 238.6, ""Glucose"": 95.6}",None,2025-04-23,Emily Jackson,Your return become produce so professional middle door sort fish point see style white.,True
360,Edward Burton MD,334-13-7861,228-371-6784x43714,collin92@example.com,jnE-6682835,Female,2022-09-20,79,Migraine,Personal appear government and billion knowledge.,Amlodipine,"{""WBC"": 4041.1, ""Hgb"": 14.2, ""Platelets"": 208.4, ""Glucose"": 106.3}",Peanuts,2025-04-21,Michelle Nguyen,Site young question four born after.,False
361,Tyler Brown,218-79-6394,001-634-929-2676x014,ygarcia@example.com,OHu-2660849,Other,1990-10-07,81,Obesity,After each together decide animal.,"Amlodipine, Gabapentin, Metformin","{""WBC"": 7614.6, ""Hgb"": 14.8, ""Platelets"": 382.9, ""Glucose"": 111.6}",None,2025-12-20,Jennifer Brown,Camera light kid economy appear build look animal daughter plan responsibility more production.,True
362,Levi Wells,833-39-6214,995-249-5752x898,ryanmayer@example.com,Rnq-3464185,Female,1984-10-20,69,Obesity,Serious wear TV travel.,"Metformin, Amlodipine, Albuterol","{""WBC"": 10468.6, ""Hgb"": 14.5, ""Platelets"": 313.6, ""Glucose"": 98.8}",None,2026-02-19,Alexis Ramos,Generation range physical sort east sell personal subject wish carry history attack.,False
363,Gregory Charles,576-44-5088,8553904989,jenniferwagner@example.org,LJC-0727021,Other,1952-03-27,49,Arthritis,Truth agency very old pay occur measure market.,"Atorvastatin, Hydrochlorothiazide, Amlodipine","{""WBC"": 7921.5, ""Hgb"": 12.5, ""Platelets"": 252.0, ""Glucose"": 110.7}",Pollen,2025-04-12,Kathryn Rodriguez,Enough the three property onto difference white beyond.,True
364,Ms. Stephanie Hunter,315-77-3410,(218)254-6339,jason70@example.org,eXs-4168721,Other,1987-11-20,27,Obesity,Politics thus him our ever.,"Albuterol, Gabapentin","{""WBC"": 8004.2, ""Hgb"": 13.6, ""Platelets"": 379.8, ""Glucose"": 83.0}",None,2025-08-09,Eric Oliver,Maintain watch however thing couple quickly race blue.,True
365,Nicole Davis,212-41-2459,699.490.5810,michael92@example.net,XAZ-2384493,Other,1985-07-05,24,Asthma,Improve democratic writer film.,"Simvastatin, Omeprazole","{""WBC"": 7608.4, ""Hgb"": 13.2, ""Platelets"": 364.2, ""Glucose"": 106.5}",Latex,2025-12-09,Margaret Clark,Majority end stop into fall do very.,False
366,Mr. Brandon Burgess,526-39-2693,+1-533-775-1070x4254,kwilson@example.com,dEV-3510920,Male,1963-04-13,40,Hypothyroidism,Lay until heart center behind plant media.,"Albuterol, Amlodipine","{""WBC"": 6974.5, ""Hgb"": 16.9, ""Platelets"": 290.3, ""Glucose"": 102.6}",Pollen,2026-03-02,Jonathon Cummings,Majority business own explain art ground statement decade operation color event onto.,False
367,Justin White,370-20-8936,777-242-1018,rodriguezkelly@example.com,lmQ-4148265,Female,1985-08-19,91,Hypothyroidism,She perform government floor area training bar.,Simvastatin,"{""WBC"": 7480.2, ""Hgb"": 17.1, ""Platelets"": 193.8, ""Glucose"": 115.2}",Latex,2025-06-19,Marissa Pratt,Human risk simple line either something structure evidence spend just certain.,False
368,John Arnold,384-74-5362,445-753-3033,ryanfrost@example.org,lEA-7093007,Other,1969-05-02,29,Anxiety,Near you up which.,Gabapentin,"{""WBC"": 7390.0, ""Hgb"": 15.2, ""Platelets"": 186.1, ""Glucose"": 129.6}",Penicillin,2025-11-02,Christopher Hernandez DDS,Author fund speak media brother sit range best natural police series rate city.,False
369,James Vance,522-23-9792,001-926-524-0716x96078,myersleslie@example.org,Zud-5811511,Other,2007-01-16,13,Arthritis,Any expert sport adult.,Atorvastatin,"{""WBC"": 5437.8, ""Hgb"": 15.1, ""Platelets"": 254.2, ""Glucose"": 134.5}",Peanuts,2026-03-01,Christine Foster,Full my themselves share fact coach single effect project recent paper become.,True
370,Meredith Lewis,653-50-2610,273.985.1874x16586,vbradford@example.com,Svp-2134660,Other,1946-04-05,85,Asthma,Property country any baby.,"Hydrochlorothiazide, Gabapentin, Simvastatin","{""WBC"": 4883.9, ""Hgb"": 12.6, ""Platelets"": 252.5, ""Glucose"": 116.7}",Peanuts,2025-04-22,Austin Hale,Say concern last contain memory half identify city example hundred receive first financial.,False
371,Melissa Sexton,100-45-6480,254-404-4969x672,estephenson@example.net,zEL-2972334,Female,1956-06-04,57,Anxiety,All drive four will then building.,Levothyroxine,"{""WBC"": 5733.1, ""Hgb"": 12.1, ""Platelets"": 290.1, ""Glucose"": 132.2}",Pollen,2025-11-16,Tanya Stafford,Plan everything allow financial result green he front common people machine.,False
372,Jeffrey Martinez,264-76-0085,237-424-4859,ramosmichele@example.org,Oiq-0191426,Female,2017-09-21,90,Hypothyroidism,Notice realize white debate under expect now plant.,"Omeprazole, Simvastatin, Amlodipine","{""WBC"": 8149.9, ""Hgb"": 12.7, ""Platelets"": 338.3, ""Glucose"": 133.6}",None,2025-08-07,Ryan Marquez,Effort movie claim production deep manage Congress.,False
373,Deborah Smith,220-66-7691,+1-989-549-2603,andre54@example.com,zTC-8523441,Male,1997-03-03,34,Arthritis,Week rate water sometimes story that run.,Metformin,"{""WBC"": 7510.7, ""Hgb"": 14.9, ""Platelets"": 174.5, ""Glucose"": 102.3}",Peanuts,2025-05-07,Jose Kerr,Three industry south back natural whom role charge sign.,True
374,Angela Figueroa,870-92-1672,(613)441-5977x50724,janetrogers@example.com,tfq-8959379,Female,2013-11-21,50,Migraine,Wonder kind consider school prevent food statement.,"Albuterol, Atorvastatin, Omeprazole","{""WBC"": 4591.2, ""Hgb"": 12.3, ""Platelets"": 399.0, ""Glucose"": 78.0}",Latex,2025-06-01,Stanley Alexander,Prevent air prove kind by me since show stop away million take.,True
375,Alexandra Jefferson,234-70-9557,(820)523-9312,parkeralan@example.com,kdc-6028097,Female,1993-11-02,89,Migraine,Third government itself person clear life opportunity.,Simvastatin,"{""WBC"": 6858.4, ""Hgb"": 16.5, ""Platelets"": 334.6, ""Glucose"": 113.1}",Penicillin,2025-06-02,Lindsay Johnson,Among morning offer according attack involve arrive feel choose.,False
376,David Young,794-05-9046,+1-508-391-9738x3474,haroldhorn@example.net,giW-5898529,Female,1955-01-06,95,COPD,Arm young total call far training expect.,"Amlodipine, Albuterol, Hydrochlorothiazide","{""WBC"": 8344.3, ""Hgb"": 15.1, ""Platelets"": 372.2, ""Glucose"": 81.1}",Latex,2025-06-20,Dr. Anna Owen,She north production result others man yard interest manager current best discover right anything.,False
377,Billy Wilson,682-50-8831,348-573-8672x998,christina26@example.com,eca-3901411,Female,1940-10-23,84,Arthritis,Method local expert scientist.,"Lisinopril, Simvastatin, Levothyroxine","{""WBC"": 5172.8, ""Hgb"": 14.8, ""Platelets"": 206.8, ""Glucose"": 124.5}",None,2026-01-30,Matthew Dennis,Can to play power game admit perhaps nice power bed.,False
378,Gabrielle Collins,509-06-3984,001-705-635-4735,deborah13@example.net,tGH-2319466,Male,1989-12-03,2,Diabetes,Safe note more but local help explain.,"Albuterol, Simvastatin, Hydrochlorothiazide","{""WBC"": 5338.8, ""Hgb"": 13.8, ""Platelets"": 338.0, ""Glucose"": 100.3}",Penicillin,2025-08-16,Laura Hensley,Ever think accept trial sit per industry quite nor seem.,False
379,Amanda Stark,507-22-4774,851-413-4219,andrew99@example.com,rdN-6258684,Male,1994-01-24,82,Diabetes,Democratic blue sort science suggest camera.,"Omeprazole, Amlodipine","{""WBC"": 7454.0, ""Hgb"": 12.6, ""Platelets"": 315.6, ""Glucose"": 86.3}",None,2025-09-11,Jennifer Rogers,Kind detail factor contain these six interest could article him material enter either.,True
380,Samantha Harper,471-74-7752,001-397-360-4209x6784,schwartzlaura@example.com,AlY-5648404,Male,2024-06-20,28,COPD,Major better beat young.,"Omeprazole, Metformin, Levothyroxine","{""WBC"": 7577.9, ""Hgb"": 16.9, ""Platelets"": 333.5, ""Glucose"": 94.5}",Latex,2025-04-30,Angela Mitchell,Way power yard rise by movement.,False
381,Dylan Alexander,545-32-6775,6273225077,kingjames@example.com,EHH-0695923,Other,2017-09-06,19,Anxiety,Wish color sort choice could event now.,"Hydrochlorothiazide, Omeprazole","{""WBC"": 5532.0, ""Hgb"": 14.5, ""Platelets"": 155.3, ""Glucose"": 123.6}",Peanuts,2026-02-15,Kimberly Jackson,Life whether laugh quality artist far court anything detail explain per son drive.,True
382,Jennifer Curry,558-10-8244,001-792-842-6496x59120,karen75@example.com,fvK-7268815,Male,2001-07-30,8,Arthritis,Land do bar black magazine occur inside.,"Albuterol, Simvastatin, Gabapentin","{""WBC"": 4842.5, ""Hgb"": 12.6, ""Platelets"": 397.9, ""Glucose"": 102.9}",Latex,2025-08-20,Carol Smith,Need lead order away small approach game sound put wish save head.,False
383,Christopher Tran,100-48-5558,001-750-758-5780x37876,john69@example.org,Zgl-1128126,Other,1992-07-01,50,Hypothyroidism,Ground less clearly make range money draw.,"Metformin, Gabapentin","{""WBC"": 7937.1, ""Hgb"": 12.8, ""Platelets"": 356.6, ""Glucose"": 70.1}",Shellfish,2025-12-14,Michelle Perez,Avoid far step end something level both main around young.,False
384,David Roman,450-93-1111,473-548-2052x8973,monique98@example.com,bDH-6744517,Other,1979-02-23,15,Hypertension,He American together president minute understand personal.,Levothyroxine,"{""WBC"": 9714.6, ""Hgb"": 15.7, ""Platelets"": 358.4, ""Glucose"": 70.5}",Pollen,2025-05-23,Alyssa Roman,Heavy final friend ago action run operation example paper.,True
385,Sharon Cohen,437-60-0877,972-662-5390,zmccullough@example.net,kbC-5756595,Male,1986-05-31,88,Migraine,Performance her outside agreement cut so.,"Metformin, Amlodipine, Lisinopril","{""WBC"": 8410.0, ""Hgb"": 13.4, ""Platelets"": 319.7, ""Glucose"": 71.7}",Shellfish,2025-08-01,David Nelson,Kitchen become source fact with do central.,True
386,John Brooks,796-16-4165,334.227.5283x92884,sarajones@example.net,HkJ-3024241,Female,1992-12-02,76,Hypothyroidism,Church able like administration a bit.,"Metformin, Hydrochlorothiazide, Lisinopril","{""WBC"": 5771.5, ""Hgb"": 16.8, ""Platelets"": 241.4, ""Glucose"": 74.7}",Pollen,2025-05-13,Jeffery Wilkinson,Likely project purpose check per detail.,True
387,William Ramirez,124-45-7123,507.748.7336x5320,mccoyvalerie@example.org,OJo-8412645,Female,2007-06-16,33,Migraine,Hard test west instead.,"Lisinopril, Atorvastatin, Amlodipine","{""WBC"": 6290.2, ""Hgb"": 12.2, ""Platelets"": 231.4, ""Glucose"": 73.1}",Penicillin,2025-11-19,Joseph Johnson,Particularly prevent glass partner data campaign central total then.,True
388,Patricia Garza,151-90-9478,001-545-328-9571,jon78@example.com,hZf-8277735,Male,1969-07-03,39,Arthritis,Big each space trade.,"Lisinopril, Metformin","{""WBC"": 5067.5, ""Hgb"": 17.0, ""Platelets"": 285.5, ""Glucose"": 97.9}",Penicillin,2025-06-11,Linda Jones,Factor six film address management truth office will top unit small spring.,False
389,Joshua West,119-29-0852,+1-305-701-7713x6984,xcosta@example.net,qZm-8981859,Male,2021-03-29,69,Diabetes,They tax technology on heavy since new pick.,"Gabapentin, Omeprazole","{""WBC"": 5839.0, ""Hgb"": 14.8, ""Platelets"": 339.3, ""Glucose"": 128.4}",None,2025-07-15,Matthew Fleming,Agent ahead until sense white benefit.,False
390,Molly Walker,874-04-6187,259-912-1472x79123,burkealyssa@example.org,upm-0395445,Female,1967-12-12,55,Hypertension,As sit its film far provide.,"Amlodipine, Albuterol, Atorvastatin","{""WBC"": 4937.6, ""Hgb"": 13.4, ""Platelets"": 308.3, ""Glucose"": 95.0}",None,2025-03-18,Christopher Avila,Involve test good join future PM get then Democrat voice sell message safe.,False
391,Scott Turner,709-49-3349,237.346.1455,hughesrobert@example.net,dNn-9732004,Female,1982-09-08,2,Asthma,Concern actually pay read.,"Lisinopril, Metformin, Simvastatin","{""WBC"": 6421.6, ""Hgb"": 17.3, ""Platelets"": 325.1, ""Glucose"": 81.2}",Peanuts,2025-05-08,Nicole Avila,Life notice sometimes executive oil sort different fine town war admit.,True
392,Mario Thompson,751-55-1967,+1-228-796-8294x43167,henrynelson@example.org,lOK-4470862,Male,2007-05-07,1,Diabetes,White score go nearly want.,"Levothyroxine, Simvastatin","{""WBC"": 8045.6, ""Hgb"": 17.4, ""Platelets"": 219.4, ""Glucose"": 134.7}",Pollen,2025-05-04,William Brown,Arm off series white program enjoy scientist value score rest very.,True
393,Randy Walker,584-93-1329,823.922.6471,tina63@example.org,kSz-2612104,Other,1951-12-11,49,Migraine,Next need production read interesting senior and.,Amlodipine,"{""WBC"": 6922.4, ""Hgb"": 16.9, ""Platelets"": 262.3, ""Glucose"": 107.3}",Pollen,2025-03-11,James Hernandez,Strong mind Congress loss indeed image really can peace against thought very.,True
394,Christopher Kennedy,785-24-7778,300-498-8162x51510,eric00@example.org,IHo-1567779,Male,1978-03-08,30,Depression,Old cause third product church return.,Simvastatin,"{""WBC"": 10615.2, ""Hgb"": 12.0, ""Platelets"": 165.6, ""Glucose"": 118.8}",Latex,2025-05-06,Katherine Price,Sound send billion mother risk write can dog least interesting standard.,True
395,Eileen Scott,520-36-3926,(560)644-8837x8267,paul50@example.net,bSO-6052178,Other,1944-07-18,99,COPD,Message these worker happen be.,"Omeprazole, Atorvastatin, Hydrochlorothiazide","{""WBC"": 9193.9, ""Hgb"": 14.3, ""Platelets"": 269.1, ""Glucose"": 102.0}",Latex,2025-04-02,Charles Fields,Where sell page ball high affect maintain meet start impact government top president.,True
396,Lisa Roberts,460-87-0925,001-539-926-1894x25953,qlawson@example.com,aVK-8225362,Male,1925-10-03,19,Asthma,Brother her entire look.,"Gabapentin, Hydrochlorothiazide","{""WBC"": 10083.4, ""Hgb"": 17.0, ""Platelets"": 176.7, ""Glucose"": 131.9}",Peanuts,2026-01-21,Dean Velazquez,Race change explain accept act book.,True
397,Pamela Perkins,325-34-1796,815.381.2019,dereklee@example.net,lVV-3479234,Male,2003-11-14,84,Asthma,Name town school remember either positive.,"Lisinopril, Gabapentin","{""WBC"": 8215.3, ""Hgb"": 14.5, ""Platelets"": 230.6, ""Glucose"": 121.3}",Penicillin,2025-08-03,Karen Ward,During in successful cold indicate actually receive sit fill.,False
398,Meredith Mayo,214-14-6874,001-848-914-9914x9433,dday@example.net,QnY-2127282,Other,1944-03-24,27,Depression,Executive social will.,Simvastatin,"{""WBC"": 8835.0, ""Hgb"": 13.3, ""Platelets"": 184.5, ""Glucose"": 79.7}",Latex,2025-06-04,Annette Thompson,Measure them out we exist sing.,True
399,Randy Hoffman,158-28-1059,(628)499-2893x5874,matthewsmith@example.net,tjX-7707733,Other,1965-03-29,13,COPD,Within treatment black believe.,Atorvastatin,"{""WBC"": 5454.4, ""Hgb"": 16.9, ""Platelets"": 266.6, ""Glucose"": 75.1}",Penicillin,2025-07-10,Danny Bruce,Game herself market cause season you one world.,True
400,Sue Becker,236-95-8082,+1-284-300-9253x77544,saunderseric@example.org,fhX-1988044,Female,1992-01-29,42,Migraine,Send teach throughout lay nor develop.,"Hydrochlorothiazide, Atorvastatin","{""WBC"": 9047.6, ""Hgb"": 15.7, ""Platelets"": 193.5, ""Glucose"": 115.8}",Shellfish,2025-06-19,Mitchell Robinson,Red organization rate little buy level identify include best.,False
401,Joshua Page,201-25-7565,(342)348-7776x86711,robinlarson@example.org,Vek-5773899,Other,1931-08-30,59,Migraine,Issue treat media with why various although.,Metformin,"{""WBC"": 4916.0, ""Hgb"": 17.0, ""Platelets"": 184.7, ""Glucose"": 139.4}",None,2025-11-05,Andrew Wheeler,Police family our star until goal service.,False
402,Ashley Gonzalez,665-30-8001,001-429-600-2652x88775,johnthompson@example.org,kVz-1814387,Other,2007-09-15,11,Migraine,While often address movie result he.,Amlodipine,"{""WBC"": 10032.6, ""Hgb"": 15.6, ""Platelets"": 363.5, ""Glucose"": 78.0}",Pollen,2026-01-11,Elizabeth Dougherty,Himself spend blue list tend that democratic film.,True
403,Adam Stewart,856-10-0338,424.953.3294x56175,fbaird@example.com,Gyg-6920528,Female,1979-01-13,14,Obesity,Discuss walk son year plant write office item.,"Gabapentin, Atorvastatin, Metformin","{""WBC"": 4340.2, ""Hgb"": 16.9, ""Platelets"": 213.7, ""Glucose"": 86.8}",None,2025-03-19,David Chapman,Peace product culture name you cultural might religious over guy stop note industry.,True
404,Angela Walsh,438-80-0838,463-614-1880,lrodgers@example.org,RZq-9848759,Other,2022-01-17,74,Asthma,Right table deep.,"Lisinopril, Albuterol","{""WBC"": 10915.9, ""Hgb"": 16.1, ""Platelets"": 167.5, ""Glucose"": 105.1}",None,2025-08-06,Andrea Robertson,Yet reach recognize join group morning fire.,True
405,Jeffrey Campbell,863-26-3982,+1-426-789-2820x020,donaldsmith@example.com,ErI-9844221,Other,1957-05-25,1,Obesity,Tend start too treat.,"Metformin, Gabapentin","{""WBC"": 10612.4, ""Hgb"": 15.7, ""Platelets"": 300.9, ""Glucose"": 132.6}",Penicillin,2025-08-08,Sara Black,Talk report suffer reflect personal somebody activity field wear defense this although thought sister.,True
406,John Ward,863-96-0604,823-683-1435x532,rodriguezdaniel@example.com,iyF-2697045,Female,1991-05-02,18,Asthma,Agent step phone military tonight marriage figure.,"Lisinopril, Atorvastatin","{""WBC"": 5070.3, ""Hgb"": 15.9, ""Platelets"": 358.8, ""Glucose"": 83.4}",Peanuts,2025-07-30,Melissa Parker,Impact hold again treat church trouble floor six move.,True
407,Kathleen Stephens,631-27-9237,+1-500-949-5730x9718,joannpalmer@example.org,AEY-0781879,Female,1954-07-09,68,Asthma,Full actually end bit position method.,Atorvastatin,"{""WBC"": 5619.7, ""Hgb"": 16.8, ""Platelets"": 210.2, ""Glucose"": 77.9}",Peanuts,2025-05-24,Robert Espinoza,Since industry group area forward theory.,False
408,Melissa Cooper,219-11-0461,811.955.7887x5713,qdean@example.com,mPf-5059817,Other,1991-03-16,65,Migraine,Everything wonder fall social research southern finally.,"Omeprazole, Albuterol","{""WBC"": 10547.1, ""Hgb"": 14.5, ""Platelets"": 298.2, ""Glucose"": 132.1}",Latex,2025-11-27,Jeremy Dyer,Put significant myself person difficult operation budget foreign work.,False
409,Pamela Burns,560-04-5675,972-653-2108x5850,tmoore@example.net,pri-4183881,Male,2013-11-18,6,Anxiety,Likely rate read oil hand miss.,Albuterol,"{""WBC"": 6615.7, ""Hgb"": 15.6, ""Platelets"": 381.3, ""Glucose"": 122.4}",Shellfish,2026-03-02,Michael Castro,Trial beyond surface particular stock example crime argue.,True
410,Jeffery Martin,479-04-7576,+1-345-970-5506x284,williamaguilar@example.net,pSZ-2121224,Other,1955-07-15,82,Obesity,Finally area view ground someone data beat.,Gabapentin,"{""WBC"": 10950.4, ""Hgb"": 14.8, ""Platelets"": 382.2, ""Glucose"": 125.2}",Penicillin,2025-09-10,Dakota Ramirez,Project grow full test just per example last hot mother.,False
411,Jack Parks DVM,364-88-6373,001-837-627-1077x4987,halltara@example.org,haO-0539079,Other,2010-10-31,98,Migraine,Range can offer leave doctor media audience.,"Albuterol, Metformin, Simvastatin","{""WBC"": 8536.0, ""Hgb"": 17.0, ""Platelets"": 247.2, ""Glucose"": 137.0}",Penicillin,2025-04-19,Richard Fox,Where training commercial consumer item place peace per road.,True
412,Paula Weber,668-19-4156,001-546-593-4213x0326,ericwoodward@example.org,lil-2185414,Other,2019-01-19,64,Migraine,Pick walk television fight budget although artist.,"Gabapentin, Atorvastatin","{""WBC"": 5249.0, ""Hgb"": 15.9, ""Platelets"": 339.7, ""Glucose"": 94.1}",Penicillin,2025-11-12,Pamela Bennett,Accept traditional issue white claim no data after meeting pattern here.,True
413,Chris Patel DDS,178-95-6572,(919)389-9440,sandra66@example.com,shJ-8232194,Female,1985-07-11,79,Hypertension,Environmental only medical career century.,"Simvastatin, Gabapentin, Omeprazole","{""WBC"": 10478.0, ""Hgb"": 14.4, ""Platelets"": 180.8, ""Glucose"": 80.4}",Latex,2025-06-23,Scott Gardner,Read begin media ready several per we human network sing turn shoulder north.,False
414,Megan Peterson,402-63-0633,2015601433,brownchristine@example.org,Uzk-2526603,Other,1975-01-13,99,Obesity,Five soon shoulder government.,"Lisinopril, Hydrochlorothiazide","{""WBC"": 8794.8, ""Hgb"": 15.0, ""Platelets"": 356.8, ""Glucose"": 89.8}",Shellfish,2025-04-07,Greg Smith DDS,Particularly than girl kid care fly sea collection information some.,True
415,Kristen Lloyd,769-92-8962,001-653-530-3529,angelagriffin@example.net,Bfk-9193618,Male,2023-01-05,20,Depression,Need meeting first moment.,"Albuterol, Amlodipine, Simvastatin","{""WBC"": 4399.6, ""Hgb"": 17.2, ""Platelets"": 159.7, ""Glucose"": 107.1}",Peanuts,2025-09-28,Christy Dixon,Real go feel phone behavior reality hour difference tend customer none everything second.,True
416,Keith Mason,583-16-6205,001-428-931-8330,hbradley@example.net,HNz-6910475,Female,1989-02-16,83,Hypothyroidism,Human call war light language kitchen.,"Simvastatin, Albuterol","{""WBC"": 10477.9, ""Hgb"": 17.5, ""Platelets"": 396.6, ""Glucose"": 132.2}",Penicillin,2025-10-19,Heather Stone,Skin effort almost natural movement military impact member open particular also same have mouth.,False
417,Martha Pierce,125-71-7001,+1-306-530-7831x547,nicolemendoza@example.org,mvI-0260571,Female,1958-06-29,21,Migraine,Stock someone avoid music once.,"Hydrochlorothiazide, Lisinopril","{""WBC"": 6659.1, ""Hgb"": 14.7, ""Platelets"": 253.3, ""Glucose"": 112.8}",Pollen,2025-08-03,Aimee Kelley,Probably guess information computer religious today wear.,False
418,Elaine Parker,373-74-7334,+1-580-427-9913x327,revans@example.net,gjO-8915810,Other,1940-08-17,80,COPD,Reduce probably every speak local.,Atorvastatin,"{""WBC"": 7342.5, ""Hgb"": 16.4, ""Platelets"": 343.8, ""Glucose"": 81.0}",Pollen,2025-07-16,Jennifer Vance,Skill ground necessary policy or position.,True
419,Scott Rojas,875-37-7803,6192779604,anthonyprice@example.com,FTI-6754104,Other,2023-08-07,54,Obesity,Newspaper role fight way life.,"Albuterol, Lisinopril","{""WBC"": 4228.6, ""Hgb"": 16.1, ""Platelets"": 321.4, ""Glucose"": 84.4}",None,2025-06-11,Margaret Cohen,Check hour imagine choice story school debate accept build might.,True
420,Samuel Johnson,006-64-9096,539.253.1750x3602,vanessa69@example.net,cLf-2181514,Other,1959-07-24,30,Migraine,Decision bad wind including true where degree exist.,Hydrochlorothiazide,"{""WBC"": 7671.6, ""Hgb"": 16.1, ""Platelets"": 296.1, ""Glucose"": 108.8}",Penicillin,2025-06-13,Amy Steele,Friend help thus authority station six fine air already.,True
421,Elizabeth Ferrell,318-92-9085,001-967-257-3842x510,andrea18@example.net,hGC-0516214,Male,2001-10-14,32,COPD,Entire talk opportunity right.,Metformin,"{""WBC"": 5439.6, ""Hgb"": 16.0, ""Platelets"": 327.4, ""Glucose"": 77.6}",Shellfish,2026-01-23,David Martin,Attorney wait while great lawyer yeah worker attack cultural.,False
422,Brett Miller,773-68-5482,302.602.3865x798,grahammichael@example.net,FaY-2758661,Male,1931-06-09,94,Obesity,Public view after ever writer represent project next.,Lisinopril,"{""WBC"": 7161.8, ""Hgb"": 13.4, ""Platelets"": 175.6, ""Glucose"": 103.3}",Penicillin,2025-09-30,Melanie Cabrera,Total whatever also they matter fire range safe produce perform choose.,False
423,James Pitts,810-83-5031,378.279.6795x7303,fhodges@example.net,SOw-3648166,Other,1962-07-23,18,COPD,Describe sound I manager ask particularly writer.,"Atorvastatin, Metformin, Levothyroxine","{""WBC"": 4318.8, ""Hgb"": 12.6, ""Platelets"": 270.3, ""Glucose"": 76.3}",None,2025-11-21,Ricardo Robles,Network off answer onto another in central sing.,False
424,Kara Dyer,727-11-5477,+1-598-202-7448,leeangela@example.com,sQX-3275695,Female,2011-04-05,34,Depression,Different avoid expert bed machine need speak wear.,"Albuterol, Amlodipine","{""WBC"": 6263.9, ""Hgb"": 15.4, ""Platelets"": 318.9, ""Glucose"": 110.6}",Shellfish,2025-06-04,Meghan Rodriguez,Boy company large moment example sure who just question appear.,True
425,Daniel Harvey,736-86-7518,748-571-9798,qlewis@example.org,VDo-1388169,Female,2016-01-18,38,Obesity,Prepare wide plan might than.,Metformin,"{""WBC"": 8887.7, ""Hgb"": 13.6, ""Platelets"": 165.9, ""Glucose"": 74.0}",Penicillin,2025-07-20,Richard Levine,Begin control huge by so least have must ok half drug leave present.,True
426,Andrea Ferguson,799-36-9939,(225)587-8343,kelly45@example.com,zqV-6323883,Other,1938-10-17,65,Diabetes,Probably manager I pretty seem himself admit ten.,"Lisinopril, Omeprazole","{""WBC"": 6506.8, ""Hgb"": 13.7, ""Platelets"": 158.7, ""Glucose"": 117.4}",Shellfish,2025-12-24,Joshua Guzman,Upon table cell rule discover throw because night size candidate billion address work.,False
427,Jesse Mercer,160-54-6695,+1-860-701-6228x07152,spencebrian@example.org,ehM-6562896,Other,1999-01-27,38,Obesity,Moment hair north.,"Gabapentin, Hydrochlorothiazide","{""WBC"": 7351.8, ""Hgb"": 12.9, ""Platelets"": 287.2, ""Glucose"": 120.0}",Penicillin,2025-12-01,Debbie Cortez,Generation same population available stuff institution.,True
428,Morgan Rojas,433-40-1228,4886675930,smithsarah@example.com,xZZ-7035894,Female,2014-05-02,2,Hypothyroidism,Cut leader not service wish poor.,"Gabapentin, Albuterol, Atorvastatin","{""WBC"": 9356.6, ""Hgb"": 16.2, ""Platelets"": 356.2, ""Glucose"": 126.4}",Shellfish,2025-09-20,Andres Summers,Ok conference ever protect garden dog detail be house middle hospital finally.,False
429,Tina Murphy,289-22-8986,785-371-2878,lowerycarol@example.net,jNG-8022937,Other,1978-10-19,55,Arthritis,Adult several year quite herself dark actually.,"Hydrochlorothiazide, Gabapentin, Levothyroxine","{""WBC"": 8985.6, ""Hgb"": 12.2, ""Platelets"": 212.7, ""Glucose"": 107.9}",Latex,2025-06-06,Alejandro Oneill,Moment situation police particularly protect party front room less reveal.,False
430,Crystal Williams,316-15-5238,331-576-2998,sheagary@example.org,nBY-4007937,Female,1936-03-09,87,Migraine,Reduce station continue their.,"Lisinopril, Atorvastatin","{""WBC"": 5620.4, ""Hgb"": 14.1, ""Platelets"": 216.5, ""Glucose"": 100.7}",None,2025-06-17,Kevin Mckay,Focus us community fall hard six story human.,True
431,Douglas Carr,446-54-3442,652-860-9947x38692,davidrivera@example.com,zdY-2869262,Male,1946-10-13,39,Arthritis,Truth reach moment act let fish.,Atorvastatin,"{""WBC"": 9357.2, ""Hgb"": 17.0, ""Platelets"": 168.7, ""Glucose"": 79.0}",Shellfish,2025-10-28,Scott Molina,Control assume gun choose indeed project.,True
432,Robert Hicks,289-68-9563,(291)599-9452x6847,laura31@example.org,yNj-1837259,Male,1943-12-31,35,Depression,Power dinner week authority hundred building far.,"Omeprazole, Simvastatin, Amlodipine","{""WBC"": 7747.3, ""Hgb"": 15.9, ""Platelets"": 328.0, ""Glucose"": 85.7}",None,2025-09-30,Kathy Martin,Mouth center add each develop player.,True
433,Cheryl Johnston,271-97-1542,001-662-387-2427x99326,samuelherrera@example.com,zxO-5510641,Female,1960-10-07,48,Asthma,Special during less series.,Omeprazole,"{""WBC"": 10574.0, ""Hgb"": 13.4, ""Platelets"": 360.7, ""Glucose"": 78.9}",Latex,2025-07-31,Jeffrey Moore,Specific receive whole building religious world.,True
434,Harold Myers,245-95-7536,482.269.3191x15905,angiegill@example.net,eCG-5769547,Female,1983-12-06,72,Asthma,Mother offer just note speech.,Amlodipine,"{""WBC"": 7827.4, ""Hgb"": 12.7, ""Platelets"": 391.5, ""Glucose"": 71.0}",Penicillin,2025-12-06,Carla Owens,Which hair movement listen base modern.,True
435,Dustin Phillips,587-46-0026,+1-778-872-7246x90019,dennis62@example.net,Yis-8113122,Other,2016-03-31,86,Migraine,Cost until ago pressure.,Gabapentin,"{""WBC"": 4238.1, ""Hgb"": 16.7, ""Platelets"": 384.4, ""Glucose"": 118.4}",Penicillin,2025-08-07,Victoria Burgess,Future listen consider rather cost medical then loss reach.,False
436,Benjamin York,167-53-8474,001-707-277-9188x9467,woodjames@example.com,DWK-9107770,Other,1933-10-15,52,Hypertension,Become college summer identify.,"Gabapentin, Hydrochlorothiazide, Levothyroxine","{""WBC"": 6499.7, ""Hgb"": 15.0, ""Platelets"": 352.1, ""Glucose"": 96.0}",Penicillin,2025-05-07,Christina Rich,Actually smile age bill care big increase alone hit.,True
437,Audrey Jones,822-59-9200,695-530-5189,lisa90@example.com,oyQ-4791811,Male,2012-10-08,5,Asthma,Watch or bill strong like language.,"Simvastatin, Hydrochlorothiazide","{""WBC"": 10831.6, ""Hgb"": 12.6, ""Platelets"": 267.5, ""Glucose"": 117.5}",None,2025-04-16,Andrew Richardson,Middle option feel resource voice rest candidate until dog admit wife carry.,False
438,Jeffrey Murphy,038-07-4059,591-524-2463x19850,teresa13@example.org,mRy-1371922,Other,1982-09-03,55,Asthma,Lead available set might.,Lisinopril,"{""WBC"": 4282.6, ""Hgb"": 16.5, ""Platelets"": 318.4, ""Glucose"": 86.1}",Penicillin,2025-04-14,Nicole Rodriguez,Political bring contain I music oil power option act law mouth like.,True
439,Kathleen Dean,780-52-2503,(673)961-6173,hughesmelissa@example.org,Ydw-7493158,Male,1972-09-18,33,Asthma,Court feeling professional.,"Atorvastatin, Hydrochlorothiazide","{""WBC"": 10554.6, ""Hgb"": 16.9, ""Platelets"": 359.1, ""Glucose"": 78.5}",None,2026-01-17,Joyce Watson,Every analysis go shoulder data good improve now might traditional stuff leader fly.,False
440,Walter Martinez MD,361-13-4291,710.908.4945,nathansanders@example.net,KAQ-4174806,Male,1929-03-26,57,Depression,Peace enter meeting per ball student.,"Lisinopril, Metformin, Levothyroxine","{""WBC"": 9857.3, ""Hgb"": 14.6, ""Platelets"": 380.3, ""Glucose"": 106.0}",Latex,2025-04-09,Clinton Flynn DDS,Bring court remain edge end computer me beat always.,False
441,Michael Little,044-31-3918,614-717-8839x224,josephbeck@example.org,TNZ-6977564,Female,1926-10-28,60,COPD,Century individual oil fine indicate.,Hydrochlorothiazide,"{""WBC"": 9793.9, ""Hgb"": 12.2, ""Platelets"": 247.2, ""Glucose"": 104.6}",Peanuts,2025-07-30,Bethany Thomas,That establish local instead school military road.,True
442,James Schneider,742-22-2693,(854)688-2258x0001,evansgarrett@example.org,pFq-9933659,Male,1982-04-19,39,Diabetes,Expert best only every close book cultural especially.,Atorvastatin,"{""WBC"": 4978.6, ""Hgb"": 15.5, ""Platelets"": 321.5, ""Glucose"": 116.3}",Penicillin,2026-02-16,Jimmy Lucas,Trade least pass method else treat fear type under.,False
443,Theodore Parsons,696-75-4300,808.726.9892x7662,jamesstephens@example.org,TjZ-3010569,Male,1952-01-11,22,Hypertension,Place animal dark official.,Gabapentin,"{""WBC"": 9941.5, ""Hgb"": 16.9, ""Platelets"": 292.3, ""Glucose"": 75.3}",Pollen,2025-10-27,Timothy Martin,Still anything customer a culture address physical federal artist.,False
444,Jennifer Tran,271-45-0117,610-492-6258,andrew24@example.net,dvB-5240366,Male,2001-11-30,97,Arthritis,Usually election spring action option.,"Metformin, Levothyroxine, Albuterol","{""WBC"": 5658.3, ""Hgb"": 14.0, ""Platelets"": 210.8, ""Glucose"": 99.9}",Pollen,2025-11-20,Andrea Mcgee,Social end significant goal program choice cut appear me take.,False
445,Travis Mckenzie,156-14-3760,4536435662,williamsdaniel@example.net,VWQ-6358713,Female,1929-02-01,87,Diabetes,Together industry become at ten.,"Hydrochlorothiazide, Albuterol","{""WBC"": 4065.7, ""Hgb"": 12.7, ""Platelets"": 305.6, ""Glucose"": 107.0}",Shellfish,2025-03-27,Jocelyn Hicks,May those deal recently even even cover figure huge have yes simply.,True
446,Erica Hart,336-64-2325,323-781-6912x64577,rfox@example.net,oSQ-6695960,Other,1998-04-13,48,Diabetes,Maybe west begin politics.,"Gabapentin, Albuterol","{""WBC"": 7413.6, ""Hgb"": 14.9, ""Platelets"": 347.9, ""Glucose"": 87.9}",None,2026-01-06,Nancy Stafford,Identify hit tough party pay yeah seat day share still discussion.,False
447,Bernard Martinez,278-61-9403,353-906-1763,edwardcarpenter@example.com,pAa-7600100,Male,2011-11-13,45,Obesity,Quite have half among.,"Albuterol, Gabapentin","{""WBC"": 5857.7, ""Hgb"": 12.5, ""Platelets"": 156.9, ""Glucose"": 71.3}",Latex,2025-07-06,Michelle Young,Natural nation much evidence white your follow son find spring his.,False
448,Nicholas Hill,494-18-2763,+1-588-506-8050x750,rodgersjessica@example.net,lKT-1867832,Female,1959-06-30,73,Asthma,Current religious month order purpose foreign.,Lisinopril,"{""WBC"": 8605.1, ""Hgb"": 15.8, ""Platelets"": 179.5, ""Glucose"": 134.9}",Shellfish,2025-09-18,Nancy Dominguez,Figure religious smile truth human me.,True
449,Melissa Ross,138-71-6303,(723)850-1662x2583,anthonyday@example.org,FeR-1789471,Female,2010-09-15,4,Depression,Wide usually hour world.,Albuterol,"{""WBC"": 7477.8, ""Hgb"": 14.0, ""Platelets"": 349.2, ""Glucose"": 83.2}",Peanuts,2025-10-19,Heather Carson,Young southern notice bring hotel against push fund system spring.,False
450,Timothy Crawford,490-84-9089,+1-682-879-5258,deborah44@example.com,jWa-2466332,Female,1962-05-09,12,COPD,Least describe dark tough light bag put notice.,Hydrochlorothiazide,"{""WBC"": 8659.5, ""Hgb"": 16.9, ""Platelets"": 317.5, ""Glucose"": 110.8}",Latex,2026-02-25,Angela Holmes,Quickly remember game field student skin consider without.,False
451,Michael Watkins,290-49-0876,276.899.9716x442,keith30@example.org,mUq-0621068,Male,1966-06-10,83,Obesity,Your husband back allow senior.,"Lisinopril, Gabapentin","{""WBC"": 9964.6, ""Hgb"": 14.8, ""Platelets"": 228.2, ""Glucose"": 86.1}",Penicillin,2025-06-06,Brandi Flores,Actually begin not lay knowledge vote body movement design generation contain agent.,False
452,Jacob Miller,775-71-8454,(328)394-3392x909,nathanriggs@example.org,aHb-4621220,Male,1965-03-09,34,Anxiety,High within culture focus seven fill.,"Omeprazole, Amlodipine","{""WBC"": 7402.4, ""Hgb"": 16.9, ""Platelets"": 337.1, ""Glucose"": 99.2}",Peanuts,2025-10-08,Anna Wood,Example simple capital business animal into than along lot.,False
453,Spencer Griffith,723-50-3594,561-637-2470x4188,amylewis@example.com,rtP-4683285,Male,1958-09-06,98,Diabetes,Pull grow agency condition what.,"Gabapentin, Amlodipine","{""WBC"": 10471.3, ""Hgb"": 16.8, ""Platelets"": 257.1, ""Glucose"": 127.1}",Shellfish,2025-06-10,Rachel Zavala,Choice however seat ability he travel try carry child car detail garden.,False
454,Mary Hubbard,815-07-5209,+1-631-817-6004x9021,danielharris@example.net,hUp-9198298,Male,1992-08-21,89,Obesity,Attorney away might little.,"Omeprazole, Simvastatin","{""WBC"": 7339.4, ""Hgb"": 15.2, ""Platelets"": 294.3, ""Glucose"": 129.1}",None,2025-11-03,Kathryn Hall,Mouth situation write available someone material process prevent decide newspaper.,True
455,Gary Sanders,039-13-6432,(652)321-8164x236,schmidtpeter@example.org,iep-7969587,Other,1978-02-14,28,COPD,Firm turn foot box.,Omeprazole,"{""WBC"": 4785.3, ""Hgb"": 15.7, ""Platelets"": 385.6, ""Glucose"": 76.8}",None,2025-07-03,Todd Calderon,Fall training condition new glass visit if enter.,False
456,Eric Richardson,081-83-7055,565.727.8598x842,selena56@example.net,jWs-5454172,Male,1947-12-17,54,Diabetes,Force until common as.,Levothyroxine,"{""WBC"": 10279.2, ""Hgb"": 15.0, ""Platelets"": 328.7, ""Glucose"": 104.9}",Pollen,2025-11-26,Jamie Howard,Site behavior possible base study trouble cover land school.,False
457,Crystal Cook,343-44-2807,001-372-377-7708x7769,romerowilliam@example.org,BLD-2318103,Other,1949-07-08,26,Obesity,Cultural among others material.,"Atorvastatin, Amlodipine","{""WBC"": 8083.7, ""Hgb"": 16.3, ""Platelets"": 368.0, ""Glucose"": 138.4}",None,2026-02-09,Kathryn Wade,Prevent administration important too those measure why despite probably really assume.,False
458,Christine David,801-27-4186,(211)736-6965x892,sandraherring@example.org,YIS-4718356,Male,1969-11-03,54,Obesity,Truth plant do.,"Levothyroxine, Atorvastatin","{""WBC"": 5988.7, ""Hgb"": 16.9, ""Platelets"": 237.3, ""Glucose"": 87.6}",Peanuts,2025-08-11,Rhonda Lewis,Miss professional hard company risk then return final drive region president agent.,True
459,Tyler Johns,310-13-2049,(905)809-8921,robertgarcia@example.com,zKV-8157414,Male,1993-10-05,70,Anxiety,Little finish certainly task glass everything.,"Lisinopril, Atorvastatin","{""WBC"": 9746.1, ""Hgb"": 12.3, ""Platelets"": 245.2, ""Glucose"": 117.8}",Pollen,2025-05-12,Jonathan Burns,Four quality skill explain I pass society.,False
460,Scott Ford,092-68-6177,001-618-403-1995x7249,edward32@example.com,rvC-0378460,Male,2009-09-10,14,Depression,Hospital market recent it.,"Amlodipine, Gabapentin","{""WBC"": 4178.6, ""Hgb"": 13.6, ""Platelets"": 398.1, ""Glucose"": 88.2}",Latex,2025-05-18,Ruth Garner,Quality for population day million game near call first I three wish.,False
461,Michael Trujillo,893-71-6468,(937)968-5683x6631,steven09@example.com,YQL-2429516,Other,2014-11-02,46,Hypothyroidism,Him science above beat many suggest week.,Lisinopril,"{""WBC"": 5187.9, ""Hgb"": 14.9, ""Platelets"": 156.5, ""Glucose"": 81.1}",Shellfish,2025-11-21,James Holt,Indicate source mind week fire fight both authority price skin degree begin.,False
462,Joanna Donaldson,074-55-8285,(566)562-0592,uthomas@example.net,vVw-7645186,Other,2014-02-27,98,Depression,Character system doctor manage woman traditional.,"Hydrochlorothiazide, Metformin, Lisinopril","{""WBC"": 5269.5, ""Hgb"": 17.4, ""Platelets"": 300.9, ""Glucose"": 127.3}",None,2026-02-10,James Warren,Return bit seem service shoulder once describe weight.,False
463,Meghan Bennett,268-40-1616,+1-446-895-8151x1259,nataliecook@example.org,vGt-6422917,Other,1972-06-25,43,Diabetes,Position right imagine animal admit voice past.,"Omeprazole, Atorvastatin","{""WBC"": 9251.5, ""Hgb"": 13.6, ""Platelets"": 294.5, ""Glucose"": 125.1}",Penicillin,2025-04-29,Richard White,Benefit national growth charge travel include hour letter by student professor decade behavior.,False
464,Bruce Rodriguez,501-38-9999,001-399-623-8098x7308,lanemarilyn@example.org,Rhz-2188879,Male,1977-02-02,44,Anxiety,Something goal across lay particularly agent difficult.,"Gabapentin, Lisinopril","{""WBC"": 9076.4, ""Hgb"": 12.3, ""Platelets"": 174.3, ""Glucose"": 80.7}",Latex,2025-11-12,Benjamin Ward,Reflect herself husband agree describe part step focus.,False
465,Kevin Freeman,200-59-8489,466-393-1822,brendathompson@example.net,rIH-5709146,Female,2023-11-24,67,Depression,Marriage good easy among.,"Gabapentin, Omeprazole, Levothyroxine","{""WBC"": 10255.1, ""Hgb"": 14.3, ""Platelets"": 240.7, ""Glucose"": 90.9}",Peanuts,2025-08-27,James Sullivan,Expert cost night federal raise as indicate tell wind despite.,False
466,Renee Nunez,313-32-3651,001-316-531-5027x051,fvasquez@example.org,VjI-3575488,Male,1933-01-30,12,Hypertension,Language military property baby.,Albuterol,"{""WBC"": 5101.6, ""Hgb"": 12.6, ""Platelets"": 387.8, ""Glucose"": 93.6}",Peanuts,2025-04-12,Jay Allen,Travel picture figure accept skin respond fire chance resource.,False
467,Brian Powell,697-13-5900,322.467.1571,dustinburns@example.net,Cfp-4058262,Male,2001-03-02,22,Obesity,Prepare rather stand class line million energy.,Metformin,"{""WBC"": 4534.5, ""Hgb"": 12.7, ""Platelets"": 252.1, ""Glucose"": 107.2}",None,2026-02-05,Carl Baker,Wish dog short improve teach nor.,True
468,Stacy Vance,551-49-1516,(310)778-3757,anthonythompson@example.com,vuC-3302514,Male,1935-06-16,79,Obesity,Cut dog letter administration service.,"Gabapentin, Omeprazole, Simvastatin","{""WBC"": 6674.5, ""Hgb"": 12.2, ""Platelets"": 268.0, ""Glucose"": 111.8}",Shellfish,2025-03-08,Craig Bennett,Oil begin support hotel allow certainly high serious.,False
469,Jessica Giles,244-60-8260,692-796-2688x48929,jeffreybrown@example.net,MUz-8058934,Male,1966-06-26,36,Anxiety,Administration office cup list go visit two anyone.,"Metformin, Albuterol, Simvastatin","{""WBC"": 8144.3, ""Hgb"": 16.8, ""Platelets"": 177.5, ""Glucose"": 114.5}",Pollen,2025-08-30,Catherine Thompson,Culture although reach hundred draw author forget.,True
470,Lisa Dunn,076-20-1286,(905)230-7681,jon21@example.net,rxt-1517637,Female,1979-02-14,98,Migraine,Miss life mouth then reduce.,"Hydrochlorothiazide, Levothyroxine, Amlodipine","{""WBC"": 4478.2, ""Hgb"": 17.0, ""Platelets"": 323.1, ""Glucose"": 113.9}",Peanuts,2026-02-06,Judith Leonard,Consider card short address government relationship young analysis hair buy question require.,False
471,Beth Sloan,659-48-8734,001-771-703-6522x38793,wintersmichael@example.com,WyM-3486243,Female,1984-04-02,95,Diabetes,Move between gas kind project.,Albuterol,"{""WBC"": 4358.9, ""Hgb"": 15.8, ""Platelets"": 390.5, ""Glucose"": 129.7}",Peanuts,2025-05-05,Allison Zavala,Hospital risk cold its bank data box our six wait accept music.,False
472,David Miller,871-97-5759,(869)721-2562x8751,wilsonadam@example.com,EFJ-5713690,Other,1947-12-20,21,Obesity,Drug move sense medical treat pull member treatment.,"Hydrochlorothiazide, Amlodipine","{""WBC"": 7350.1, ""Hgb"": 13.2, ""Platelets"": 256.1, ""Glucose"": 102.4}",Penicillin,2025-07-28,Kristine Davis,Call child remain religious relate seem anything couple much accept according image.,False
473,Don Cannon,160-48-3564,527.761.9400x6677,rbishop@example.com,xQG-7150612,Other,1950-11-14,94,Depression,Maybe phone believe gun cell.,"Gabapentin, Albuterol","{""WBC"": 4390.9, ""Hgb"": 17.0, ""Platelets"": 304.1, ""Glucose"": 70.9}",None,2025-06-09,Taylor Lynn,Listen catch religious fish town everything worker can cold time.,False
474,Jay Anthony,800-96-9706,623.428.5443,bennettallison@example.net,LcM-6283789,Other,1933-06-13,7,Anxiety,Decide care evening president increase.,"Lisinopril, Atorvastatin, Levothyroxine","{""WBC"": 4633.9, ""Hgb"": 14.4, ""Platelets"": 347.8, ""Glucose"": 82.8}",Latex,2025-11-22,Lori Turner,Family because light media opportunity top for work establish past past little teach.,True
475,Jonathan Cannon,005-13-0586,913-325-8370x3791,joseph24@example.org,oqu-9253317,Other,1986-02-10,54,Hypertension,Into article idea ability.,Levothyroxine,"{""WBC"": 9511.1, ""Hgb"": 12.2, ""Platelets"": 313.2, ""Glucose"": 82.4}",None,2026-02-02,Megan Wood,Voice in old health certain off one house.,False
476,Betty Steele,041-15-1812,533.526.9733x1994,yolandamcgee@example.net,Cme-1877461,Other,1949-07-09,31,COPD,Data manager build role time.,Levothyroxine,"{""WBC"": 9936.1, ""Hgb"": 14.9, ""Platelets"": 209.2, ""Glucose"": 103.1}",Penicillin,2025-06-20,Ann Ho,Make Congress owner important today school source risk turn card prove.,True
477,Margaret Riggs,686-71-5963,(818)422-2027,bradley38@example.net,Srk-2142439,Male,2024-08-28,24,Hypothyroidism,Will wrong off.,Levothyroxine,"{""WBC"": 10734.9, ""Hgb"": 15.6, ""Platelets"": 308.9, ""Glucose"": 139.6}",None,2025-06-20,Keith Thompson,Source think analysis take best across.,False
478,James Grant,753-40-9659,900.796.2534x7495,jennifer36@example.org,QuQ-0482450,Female,2024-01-14,53,Diabetes,All model son cause himself food economic.,"Amlodipine, Simvastatin","{""WBC"": 4400.4, ""Hgb"": 15.5, ""Platelets"": 268.3, ""Glucose"": 121.8}",Latex,2025-04-16,Daniel Lucas,Street interest time learn set performance song.,False
479,Emily Mason,051-85-1403,(562)220-2199,johnsonthomas@example.org,XNf-2028553,Male,1940-08-30,24,COPD,Important head sometimes blood reach indicate.,Gabapentin,"{""WBC"": 10390.8, ""Hgb"": 14.1, ""Platelets"": 346.1, ""Glucose"": 109.4}",Penicillin,2025-11-12,Justin Shaw,Across which public too would general laugh already visit pass analysis position important.,True
480,Rebecca Murphy,058-65-9015,001-635-215-2813x70517,esilva@example.com,sda-1132340,Male,1937-11-30,82,Depression,We grow new significant.,Simvastatin,"{""WBC"": 6803.4, ""Hgb"": 12.5, ""Platelets"": 150.3, ""Glucose"": 102.7}",Latex,2025-10-12,Susan Rojas,Worker film box under sometimes body ball put.,False
481,Joshua Savage,288-12-8357,(697)303-0738x158,npierce@example.com,xEk-8553742,Male,1955-07-02,41,Asthma,Mean build finally manager space.,"Lisinopril, Hydrochlorothiazide, Atorvastatin","{""WBC"": 8880.7, ""Hgb"": 15.1, ""Platelets"": 261.9, ""Glucose"": 125.8}",Peanuts,2025-09-07,Bryan Cole,Use tend player year nation recognize shake result what.,False
482,Douglas Rowe,245-07-3523,+1-667-754-1054,stricklandtyler@example.net,Wtr-5514970,Male,1968-09-06,29,Diabetes,Long central animal oil prevent Democrat.,"Albuterol, Simvastatin","{""WBC"": 5014.9, ""Hgb"": 17.1, ""Platelets"": 321.8, ""Glucose"": 110.9}",Peanuts,2025-10-31,Ryan Jackson,Unit good run truth affect leave price.,True
483,Patrick Harris,072-84-2137,956.750.4944x183,nfields@example.com,jiq-6389114,Male,1991-09-21,48,Depression,Store of full late.,"Simvastatin, Atorvastatin","{""WBC"": 6819.7, ""Hgb"": 15.4, ""Platelets"": 301.9, ""Glucose"": 119.2}",Peanuts,2026-01-10,Lauren Jones,Hit happy finally lot sell answer.,True
484,Melissa White,051-80-3108,9384938358,flynnjason@example.net,cpb-7629667,Female,2009-07-24,22,Asthma,Economy accept other consumer.,Hydrochlorothiazide,"{""WBC"": 10990.2, ""Hgb"": 16.1, ""Platelets"": 353.8, ""Glucose"": 115.7}",Shellfish,2025-03-10,Casey Kelley,Response fight measure picture wide well case get indicate.,False
485,Lisa Blackburn,627-10-4506,(904)408-0696x18808,christinaday@example.org,pDJ-0097376,Other,1980-01-04,82,Anxiety,Teach age campaign get soon child.,"Omeprazole, Simvastatin, Albuterol","{""WBC"": 8036.4, ""Hgb"": 12.8, ""Platelets"": 216.0, ""Glucose"": 83.2}",Pollen,2025-10-05,Gregory Martinez,Democratic success call movement interesting last friend thought.,False
486,Beverly Lang,170-89-2255,495-624-5759x934,carriebradley@example.com,nKJ-4835610,Other,1925-12-16,17,Obesity,Deal no hair ten beautiful development particularly dream.,"Albuterol, Hydrochlorothiazide, Amlodipine","{""WBC"": 6190.6, ""Hgb"": 15.3, ""Platelets"": 263.9, ""Glucose"": 102.3}",None,2025-09-28,Aaron Michael,Page truth still type final important charge.,False
487,Cindy Walker,419-78-3654,(930)904-9305,lyonskrystal@example.org,wzC-2082622,Male,2009-01-29,49,Obesity,Politics left way culture set.,Gabapentin,"{""WBC"": 5334.7, ""Hgb"": 17.2, ""Platelets"": 305.6, ""Glucose"": 121.1}",Latex,2025-05-12,Carol Adams,Baby begin upon ahead effort religious state smile newspaper social.,True
488,Barbara Martinez,043-97-4713,5772531271,gaildaniel@example.org,RZw-3475482,Male,1929-08-17,16,Migraine,Require table include add.,"Atorvastatin, Simvastatin, Albuterol","{""WBC"": 7221.5, ""Hgb"": 15.1, ""Platelets"": 373.1, ""Glucose"": 103.2}",Pollen,2025-09-15,Aaron Johnson,Sell thank hold more drug adult behavior discussion enough election across million.,True
489,Alyssa Koch,196-88-5864,(216)871-6493x06166,thomasferguson@example.net,LeT-7471885,Other,2004-03-18,85,Asthma,Chair whose loss have across drive notice.,"Hydrochlorothiazide, Omeprazole","{""WBC"": 9622.7, ""Hgb"": 16.0, ""Platelets"": 298.3, ""Glucose"": 77.6}",None,2026-01-10,Sabrina Fisher,Beyond listen find role hundred capital hotel offer actually little type personal pull.,False
490,Ruth Bennett,181-43-8978,001-767-270-3034x56112,ismith@example.net,Vpt-7711232,Male,1981-11-27,87,Depression,Difficult feeling cell style country loss often.,Omeprazole,"{""WBC"": 5310.8, ""Hgb"": 17.2, ""Platelets"": 399.6, ""Glucose"": 106.9}",Shellfish,2026-01-05,Jesse Hernandez,Difference single policy even audience behind me glass someone operation board maintain recently.,True
491,Deborah Cole,655-32-7124,801.917.0817x27794,bowersbradley@example.org,yjo-5016399,Female,1943-10-15,19,Hypothyroidism,Newspaper ground act best fund already.,"Omeprazole, Atorvastatin","{""WBC"": 8798.1, ""Hgb"": 17.5, ""Platelets"": 289.0, ""Glucose"": 84.0}",Shellfish,2025-03-20,John Dawson,Suggest able town drive former guy forget give economic glass spend.,False
492,Jeffrey Dixon,812-14-0557,333.515.3954x965,bookerethan@example.org,MSx-7314319,Other,1935-04-13,11,Arthritis,Group dream however and.,"Atorvastatin, Levothyroxine, Albuterol","{""WBC"": 9491.3, ""Hgb"": 12.1, ""Platelets"": 230.3, ""Glucose"": 113.4}",Peanuts,2025-03-21,Sharon Roberts,Different recognize walk there herself his which wish industry recognize standard morning deep.,False
493,Dennis Little,800-21-0893,5845207775,xklein@example.net,vSb-8616428,Other,1977-10-23,100,COPD,Unit house newspaper around.,"Omeprazole, Gabapentin, Albuterol","{""WBC"": 4052.8, ""Hgb"": 15.7, ""Platelets"": 268.8, ""Glucose"": 133.8}",Latex,2025-09-25,Andrew Herrera,Single explain indicate necessary whatever play kitchen with end matter yes various.,True
494,Amy Dominguez,329-58-8316,(631)769-4071x97724,harrisonbelinda@example.com,WUf-8577265,Other,1999-07-29,52,COPD,Serve east blue term.,Hydrochlorothiazide,"{""WBC"": 8860.2, ""Hgb"": 12.9, ""Platelets"": 205.7, ""Glucose"": 139.1}",None,2025-09-11,Diane Espinoza,Let city anyone note administration follow up sister Mr turn sometimes laugh.,False
495,Angela Valenzuela,873-11-0006,359.843.0492,jamesholt@example.net,SQI-5402658,Male,2007-07-07,14,COPD,Employee common way attorney example but poor game.,Omeprazole,"{""WBC"": 6936.6, ""Hgb"": 14.2, ""Platelets"": 375.7, ""Glucose"": 84.5}",Shellfish,2025-12-25,Chase Allison,Treat phone on manager face through everybody.,False
496,Melissa Perez,458-60-7250,+1-284-403-9129,rachel91@example.net,LSh-3602064,Female,1952-08-27,6,Arthritis,Second song many important cost.,"Levothyroxine, Hydrochlorothiazide","{""WBC"": 10452.2, ""Hgb"": 14.9, ""Platelets"": 363.7, ""Glucose"": 108.5}",Shellfish,2025-05-25,Lee Reeves Jr.,Believe opportunity quite industry answer light character.,False
497,Emma Gates,306-22-8844,001-672-555-9945x60798,adambarnes@example.net,GTd-3889883,Female,1993-08-07,56,Hypertension,Sort seek report.,"Omeprazole, Levothyroxine","{""WBC"": 8643.6, ""Hgb"": 15.5, ""Platelets"": 342.2, ""Glucose"": 120.5}",Shellfish,2025-10-14,Amber Rogers,Analysis image nature establish cover politics three thousand different.,True
498,Tara Sandoval,893-11-1830,(248)992-0245x19083,margaret12@example.com,NVO-4942917,Other,2003-04-07,81,Anxiety,National song condition pressure point.,"Hydrochlorothiazide, Albuterol, Lisinopril","{""WBC"": 4541.8, ""Hgb"": 14.9, ""Platelets"": 300.2, ""Glucose"": 72.8}",Latex,2025-12-15,Carrie Perez,But name person success environmental somebody.,False
499,Sue Hart,505-66-9067,(328)559-6271,ian39@example.org,zjF-8287092,Male,1999-09-08,66,Diabetes,Expect thus picture.,Gabapentin,"{""WBC"": 5152.2, ""Hgb"": 16.1, ""Platelets"": 153.4, ""Glucose"": 108.2}",None,2026-02-05,John White,Agency after section red social billion easy try green product part compare responsibility.,True
500,Jane Cunningham,807-03-9525,001-859-455-9698,msmith@example.org,geS-7926090,Male,1941-10-31,99,Hypertension,When wall image reduce tree west happen.,Levothyroxine,"{""WBC"": 6919.5, ""Hgb"": 16.8, ""Platelets"": 216.5, ""Glucose"": 93.6}",Peanuts,2025-08-15,Joel Taylor,Shake board behavior real stage how speak.,False
